config,sigma,Df,N,kf,attempt,seed,success,n_particles,max_residual_overlap,n_overlapping_pairs,measured_rg,rg_error_pct,filepath
vanilla,1.0,2.2,8,0.6,1,245880045,True,8,0.0,0,2.8542006364439687,-12.06764404635148,/home/mar/Development/PyFracVAL/cluster_data/vanilla/sigma_1p00__Df_2p20__N_8/fracval_N8_Df2p20_kf0p60_rpg1p0_rpgstd1p00_agg1_20260731-042712-873549.dat
vanilla,1.0,2.6,8,0.6,1,137564905,True,8,0.0,0,2.524522228878645,-6.779709014534596,/home/mar/Development/PyFracVAL/cluster_data/vanilla/sigma_1p00__Df_2p60__N_8/fracval_N8_Df2p60_kf0p60_rpg1p0_rpgstd1p00_agg1_20260731-042712-880798.dat
vanilla,1.0,2.2,8,0.6,3,685528621,True,8,0.0,0,2.8542006364439687,-12.06764404635148,/home/mar/Development/PyFracVAL/cluster_data/vanilla/sigma_1p00__Df_2p20__N_8/fracval_N8_Df2p20_kf0p60_rpg1p0_rpgstd1p00_agg3_20260731-042712-889729.dat
vanilla,1.0,2.6,8,0.6,0,106583999,True,8,0.0,0,2.5245222288786455,-6.779709014534581,/home/mar/Development/PyFracVAL/cluster_data/vanilla/sigma_1p00__Df_2p60__N_8/fracval_N8_Df2p60_kf0p60_rpg1p0_rpgstd1p00_agg0_20260731-042712-901207.dat
vanilla,1.0,2.4,8,0.6,4,1476257965,True,8,0.0,0,2.663172613671072,-9.494526967920137,/home/mar/Development/PyFracVAL/cluster_data/vanilla/sigma_1p00__Df_2p40__N_8/fracval_N8_Df2p40_kf0p60_rpg1p0_rpgstd1p00_agg4_20260731-042712-908090.dat
vanilla,1.0,2.4,8,0.6,3,115300522,True,8,0.0,0,2.663172613671072,-9.494526967920137,/home/mar/Development/PyFracVAL/cluster_data/vanilla/sigma_1p00__Df_2p40__N_8/fracval_N8_Df2p40_kf0p60_rpg1p0_rpgstd1p00_agg3_20260731-042712-939539.dat
vanilla,1.0,2.6,8,0.6,3,1228781171,True,8,0.0,0,2.5245222288786455,-6.779709014534581,/home/mar/Development/PyFracVAL/cluster_data/vanilla/sigma_1p00__Df_2p60__N_8/fracval_N8_Df2p60_kf0p60_rpg1p0_rpgstd1p00_agg3_20260731-042712-950342.dat
vanilla,1.0,2.6,8,0.6,4,1098832485,True,8,0.0,0,2.5245222288786455,-6.779709014534581,/home/mar/Development/PyFracVAL/cluster_data/vanilla/sigma_1p00__Df_2p60__N_8/fracval_N8_Df2p60_kf0p60_rpg1p0_rpgstd1p00_agg4_20260731-042712-963000.dat
vanilla,1.0,2.2,8,0.6,2,1794839539,True,8,0.0,0,2.8542006364439687,-12.06764404635148,/home/mar/Development/PyFracVAL/cluster_data/vanilla/sigma_1p00__Df_2p20__N_8/fracval_N8_Df2p20_kf0p60_rpg1p0_rpgstd1p00_agg2_20260731-042712-992359.dat
vanilla,1.0,2.6,8,0.6,2,2002505059,True,8,0.0,0,2.5245222288786455,-6.779709014534581,/home/mar/Development/PyFracVAL/cluster_data/vanilla/sigma_1p00__Df_2p60__N_8/fracval_N8_Df2p60_kf0p60_rpg1p0_rpgstd1p00_agg2_20260731-042713-003400.dat
vanilla,1.0,2.2,8,0.6,0,307540622,True,8,0.0,0,2.8542006364439683,-12.067644046351495,/home/mar/Development/PyFracVAL/cluster_data/vanilla/sigma_1p00__Df_2p20__N_8/fracval_N8_Df2p20_kf0p60_rpg1p0_rpgstd1p00_agg0_20260731-042713-011588.dat
vanilla,1.0,2.4,8,0.6,2,931754178,True,8,0.0,0,2.6631726136710716,-9.494526967920153,/home/mar/Development/PyFracVAL/cluster_data/vanilla/sigma_1p00__Df_2p40__N_8/fracval_N8_Df2p40_kf0p60_rpg1p0_rpgstd1p00_agg2_20260731-042713-021240.dat
vanilla,1.0,2.4,8,0.6,1,1632028081,True,8,0.0,0,2.6631726136710716,-9.494526967920153,/home/mar/Development/PyFracVAL/cluster_data/vanilla/sigma_1p00__Df_2p40__N_8/fracval_N8_Df2p40_kf0p60_rpg1p0_rpgstd1p00_agg1_20260731-042713-027653.dat
vanilla,1.0,2.4,8,0.6,0,1468881919,True,8,0.0,0,2.663172613671072,-9.494526967920137,/home/mar/Development/PyFracVAL/cluster_data/vanilla/sigma_1p00__Df_2p40__N_8/fracval_N8_Df2p40_kf0p60_rpg1p0_rpgstd1p00_agg0_20260731-042713-039088.dat
vanilla,1.0,2.2,8,0.6,4,2081385323,True,8,0.0,0,2.854200636443969,-12.067644046351466,/home/mar/Development/PyFracVAL/cluster_data/vanilla/sigma_1p00__Df_2p20__N_8/fracval_N8_Df2p20_kf0p60_rpg1p0_rpgstd1p00_agg4_20260731-042713-054076.dat
vanilla,1.25,2.0,8,0.6,0,1065175248,True,8,0.0,0,3.030338570786169,-13.621507027672951,/home/mar/Development/PyFracVAL/cluster_data/vanilla/sigma_1p25__Df_2p00__N_8/fracval_N8_Df2p00_kf0p60_rpg1p0_rpgstd1p25_agg0_20260731-042713-086656.dat
vanilla,1.25,2.0,8,0.6,1,594272566,True,8,0.0,0,2.909088625373335,-13.856258650233771,/home/mar/Development/PyFracVAL/cluster_data/vanilla/sigma_1p25__Df_2p00__N_8/fracval_N8_Df2p00_kf0p60_rpg1p0_rpgstd1p25_agg1_20260731-042713-101366.dat
vanilla,1.25,2.0,8,0.6,4,2044588154,True,8,0.0,0,2.9107186340083246,-14.942403726833728,/home/mar/Development/PyFracVAL/cluster_data/vanilla/sigma_1p25__Df_2p00__N_8/fracval_N8_Df2p00_kf0p60_rpg1p0_rpgstd1p25_agg4_20260731-042713-140799.dat
vanilla,1.25,2.2,8,0.6,0,593513507,True,8,0.0,0,2.559521659909007,-12.736326406492832,/home/mar/Development/PyFracVAL/cluster_data/vanilla/sigma_1p25__Df_2p20__N_8/fracval_N8_Df2p20_kf0p60_rpg1p0_rpgstd1p25_agg0_20260731-042713-172231.dat
vanilla,1.25,2.0,8,0.6,2,817679510,True,8,0.0,0,2.9641519204649134,-15.051112821646031,/home/mar/Development/PyFracVAL/cluster_data/vanilla/sigma_1p25__Df_2p00__N_8/fracval_N8_Df2p00_kf0p60_rpg1p0_rpgstd1p25_agg2_20260731-042713-249707.dat
vanilla,1.25,2.2,8,0.6,1,1479804274,True,8,0.0,0,2.554333773766928,-13.97444842314535,/home/mar/Development/PyFracVAL/cluster_data/vanilla/sigma_1p25__Df_2p20__N_8/fracval_N8_Df2p20_kf0p60_rpg1p0_rpgstd1p25_agg1_20260731-042713-261104.dat
vanilla,1.25,2.2,8,0.6,3,1896193993,True,8,0.0,0,2.621953619902265,-13.34951809743715,/home/mar/Development/PyFracVAL/cluster_data/vanilla/sigma_1p25__Df_2p20__N_8/fracval_N8_Df2p20_kf0p60_rpg1p0_rpgstd1p25_agg3_20260731-042713-274074.dat
vanilla,1.25,2.2,8,0.6,2,559945172,True,8,0.0,0,3.00683291643978,-13.114715599177963,/home/mar/Development/PyFracVAL/cluster_data/vanilla/sigma_1p25__Df_2p20__N_8/fracval_N8_Df2p20_kf0p60_rpg1p0_rpgstd1p25_agg2_20260731-042713-293075.dat
vanilla,1.25,2.2,8,0.6,4,1437930493,True,8,0.0,0,2.7852857459053517,-12.788034043741042,/home/mar/Development/PyFracVAL/cluster_data/vanilla/sigma_1p25__Df_2p20__N_8/fracval_N8_Df2p20_kf0p60_rpg1p0_rpgstd1p25_agg4_20260731-042713-307214.dat
vanilla,1.25,2.4,8,0.6,0,1311503854,True,8,0.0,0,2.5451377704860096,-10.546245588229029,/home/mar/Development/PyFracVAL/cluster_data/vanilla/sigma_1p25__Df_2p40__N_8/fracval_N8_Df2p40_kf0p60_rpg1p0_rpgstd1p25_agg0_20260731-042713-333722.dat
vanilla,1.25,2.4,8,0.6,1,469817870,True,8,0.0,0,2.4816480049866545,-10.28870103075758,/home/mar/Development/PyFracVAL/cluster_data/vanilla/sigma_1p25__Df_2p40__N_8/fracval_N8_Df2p40_kf0p60_rpg1p0_rpgstd1p25_agg1_20260731-042713-354177.dat
vanilla,1.25,2.4,8,0.6,2,166737475,True,8,0.0,0,2.4487258143934603,-11.865246042627414,/home/mar/Development/PyFracVAL/cluster_data/vanilla/sigma_1p25__Df_2p40__N_8/fracval_N8_Df2p40_kf0p60_rpg1p0_rpgstd1p25_agg2_20260731-042713-364020.dat
vanilla,1.25,2.4,8,0.6,3,1443227473,True,8,0.0,0,2.425601996327148,-10.535329432721884,/home/mar/Development/PyFracVAL/cluster_data/vanilla/sigma_1p25__Df_2p40__N_8/fracval_N8_Df2p40_kf0p60_rpg1p0_rpgstd1p25_agg3_20260731-042713-372123.dat
vanilla,1.25,2.4,8,0.6,4,765649168,True,8,0.0,0,2.4950906318172272,-9.815331738357717,/home/mar/Development/PyFracVAL/cluster_data/vanilla/sigma_1p25__Df_2p40__N_8/fracval_N8_Df2p40_kf0p60_rpg1p0_rpgstd1p25_agg4_20260731-042713-376255.dat
vanilla,1.25,2.6,8,0.6,0,1885152512,True,8,0.0,0,2.5501627923580426,-8.403501896089251,/home/mar/Development/PyFracVAL/cluster_data/vanilla/sigma_1p25__Df_2p60__N_8/fracval_N8_Df2p60_kf0p60_rpg1p0_rpgstd1p25_agg0_20260731-042713-384494.dat
vanilla,1.25,2.6,8,0.6,1,1748585089,True,8,0.0,0,2.1724562033294754,-5.457032858059612,/home/mar/Development/PyFracVAL/cluster_data/vanilla/sigma_1p25__Df_2p60__N_8/fracval_N8_Df2p60_kf0p60_rpg1p0_rpgstd1p25_agg1_20260731-042713-391625.dat
vanilla,1.25,2.6,8,0.6,2,1906883606,True,8,0.0,0,2.191455368769226,-8.182148618851462,/home/mar/Development/PyFracVAL/cluster_data/vanilla/sigma_1p25__Df_2p60__N_8/fracval_N8_Df2p60_kf0p60_rpg1p0_rpgstd1p25_agg2_20260731-042713-410832.dat
vanilla,1.25,2.6,8,0.6,3,1757894408,True,8,0.0,0,2.3146279931268463,-7.556527277797391,/home/mar/Development/PyFracVAL/cluster_data/vanilla/sigma_1p25__Df_2p60__N_8/fracval_N8_Df2p60_kf0p60_rpg1p0_rpgstd1p25_agg3_20260731-042713-415518.dat
vanilla,1.25,2.6,8,0.6,4,1020138408,True,8,0.0,0,2.3774513800761086,-6.453464023985954,/home/mar/Development/PyFracVAL/cluster_data/vanilla/sigma_1p25__Df_2p60__N_8/fracval_N8_Df2p60_kf0p60_rpg1p0_rpgstd1p25_agg4_20260731-042713-419696.dat
vanilla,1.5,1.6,8,1.0,0,304682,True,8,0.0,0,3.229145311924063,-10.5498063142007,/home/mar/Development/PyFracVAL/cluster_data/vanilla/sigma_1p50__Df_1p60__N_8/fracval_N8_Df1p60_kf1p00_rpg1p0_rpgstd1p50_agg0_20260731-042713-424432.dat
vanilla,1.5,1.6,8,1.0,4,1703253987,True,8,0.0,0,3.5344523598508135,-11.484398967185353,/home/mar/Development/PyFracVAL/cluster_data/vanilla/sigma_1p50__Df_1p60__N_8/fracval_N8_Df1p60_kf1p00_rpg1p0_rpgstd1p50_agg4_20260731-042713-429467.dat
vanilla,1.5,1.8,8,0.6,0,1056564672,True,8,0.0,0,2.430210647566493,-33.02450380505181,/home/mar/Development/PyFracVAL/cluster_data/vanilla/sigma_1p50__Df_1p80__N_8/fracval_N8_Df1p80_kf0p60_rpg1p0_rpgstd1p50_agg0_20260731-042713-441584.dat
vanilla,1.5,1.6,8,1.0,3,958612279,True,8,0.0,0,3.518464458360388,-11.086355260040907,/home/mar/Development/PyFracVAL/cluster_data/vanilla/sigma_1p50__Df_1p60__N_8/fracval_N8_Df1p60_kf1p00_rpg1p0_rpgstd1p50_agg3_20260731-042713-448870.dat
vanilla,1.5,2.0,8,0.6,2,2011500258,True,8,0.0,0,3.5750467898203606,-18.23427551896885,/home/mar/Development/PyFracVAL/cluster_data/vanilla/sigma_1p50__Df_2p00__N_8/fracval_N8_Df2p00_kf0p60_rpg1p0_rpgstd1p50_agg2_20260731-042713-470669.dat
vanilla,1.5,2.0,8,0.6,0,256826933,True,8,0.0,0,2.7311793818771575,-15.775353466918979,/home/mar/Development/PyFracVAL/cluster_data/vanilla/sigma_1p50__Df_2p00__N_8/fracval_N8_Df2p00_kf0p60_rpg1p0_rpgstd1p50_agg0_20260731-042713-477214.dat
vanilla,1.5,2.0,8,0.6,1,1547339967,True,8,0.0,0,3.059439679638121,-17.329683572678224,/home/mar/Development/PyFracVAL/cluster_data/vanilla/sigma_1p50__Df_2p00__N_8/fracval_N8_Df2p00_kf0p60_rpg1p0_rpgstd1p50_agg1_20260731-042713-482179.dat
vanilla,1.5,2.2,8,0.6,0,1564631272,True,8,0.0,0,2.4562232773900203,-11.24160081822725,/home/mar/Development/PyFracVAL/cluster_data/vanilla/sigma_1p50__Df_2p20__N_8/fracval_N8_Df2p20_kf0p60_rpg1p0_rpgstd1p50_agg0_20260731-042713-488491.dat
vanilla,1.5,1.8,8,0.6,3,761257029,True,8,0.0,0,2.7578697272297155,-35.41055320230841,/home/mar/Development/PyFracVAL/cluster_data/vanilla/sigma_1p50__Df_1p80__N_8/fracval_N8_Df1p80_kf0p60_rpg1p0_rpgstd1p50_agg3_20260731-042713-495990.dat
vanilla,1.5,2.0,8,0.6,4,2058834637,True,8,0.0,0,4.018012077327802,-24.25719750106295,/home/mar/Development/PyFracVAL/cluster_data/vanilla/sigma_1p50__Df_2p00__N_8/fracval_N8_Df2p00_kf0p60_rpg1p0_rpgstd1p50_agg4_20260731-042713-501834.dat
vanilla,1.5,2.0,8,0.6,3,448098195,True,8,0.0,0,3.503250643006707,-14.06598932007858,/home/mar/Development/PyFracVAL/cluster_data/vanilla/sigma_1p50__Df_2p00__N_8/fracval_N8_Df2p00_kf0p60_rpg1p0_rpgstd1p50_agg3_20260731-042713-512022.dat
vanilla,1.5,2.2,8,0.6,1,487774033,True,8,0.0,0,2.8847139129107267,-13.299677586626476,/home/mar/Development/PyFracVAL/cluster_data/vanilla/sigma_1p50__Df_2p20__N_8/fracval_N8_Df2p20_kf0p60_rpg1p0_rpgstd1p50_agg1_20260731-042713-517005.dat
vanilla,1.5,2.2,8,0.6,2,1747005651,True,8,0.0,0,2.73064399230453,-13.579659877303364,/home/mar/Development/PyFracVAL/cluster_data/vanilla/sigma_1p50__Df_2p20__N_8/fracval_N8_Df2p20_kf0p60_rpg1p0_rpgstd1p50_agg2_20260731-042713-522932.dat
vanilla,1.5,2.2,8,0.6,3,965968472,True,8,0.0,0,2.922908008001256,-14.531599243599667,/home/mar/Development/PyFracVAL/cluster_data/vanilla/sigma_1p50__Df_2p20__N_8/fracval_N8_Df2p20_kf0p60_rpg1p0_rpgstd1p50_agg3_20260731-042713-533372.dat
vanilla,1.5,2.2,8,0.6,4,135527063,True,8,0.0,0,3.6099864891220164,-12.480993375683221,/home/mar/Development/PyFracVAL/cluster_data/vanilla/sigma_1p50__Df_2p20__N_8/fracval_N8_Df2p20_kf0p60_rpg1p0_rpgstd1p50_agg4_20260731-042713-543196.dat
vanilla,1.5,2.4,8,0.6,0,1814982921,True,8,0.0,0,2.1700362055019067,-8.794021777890606,/home/mar/Development/PyFracVAL/cluster_data/vanilla/sigma_1p50__Df_2p40__N_8/fracval_N8_Df2p40_kf0p60_rpg1p0_rpgstd1p50_agg0_20260731-042713-554304.dat
vanilla,1.5,2.4,8,0.6,1,543255416,True,8,0.0,0,2.5977676098842264,-11.114959373211239,/home/mar/Development/PyFracVAL/cluster_data/vanilla/sigma_1p50__Df_2p40__N_8/fracval_N8_Df2p40_kf0p60_rpg1p0_rpgstd1p50_agg1_20260731-042713-581088.dat
vanilla,1.5,2.4,8,0.6,2,1914295307,True,8,0.0,0,2.913098362801779,-13.464370992169133,/home/mar/Development/PyFracVAL/cluster_data/vanilla/sigma_1p50__Df_2p40__N_8/fracval_N8_Df2p40_kf0p60_rpg1p0_rpgstd1p50_agg2_20260731-042713-590255.dat
vanilla,1.5,2.4,8,0.6,3,804638782,True,8,0.0,0,3.104902157129584,-9.5872343704567,/home/mar/Development/PyFracVAL/cluster_data/vanilla/sigma_1p50__Df_2p40__N_8/fracval_N8_Df2p40_kf0p60_rpg1p0_rpgstd1p50_agg3_20260731-042713-600455.dat
vanilla,1.5,2.6,8,0.6,1,494726263,True,8,0.0,0,2.5840641146866403,-9.583533317347388,/home/mar/Development/PyFracVAL/cluster_data/vanilla/sigma_1p50__Df_2p60__N_8/fracval_N8_Df2p60_kf0p60_rpg1p0_rpgstd1p50_agg1_20260731-042713-619215.dat
vanilla,1.5,2.4,8,0.6,4,1917726209,True,8,0.0,0,2.549475608138753,-10.953102836670736,/home/mar/Development/PyFracVAL/cluster_data/vanilla/sigma_1p50__Df_2p40__N_8/fracval_N8_Df2p40_kf0p60_rpg1p0_rpgstd1p50_agg4_20260731-042713-632512.dat
vanilla,1.5,2.6,8,0.6,0,742311863,True,8,0.0,0,2.811811057876333,-7.049427313860951,/home/mar/Development/PyFracVAL/cluster_data/vanilla/sigma_1p50__Df_2p60__N_8/fracval_N8_Df2p60_kf0p60_rpg1p0_rpgstd1p50_agg0_20260731-042713-640223.dat
vanilla,1.5,2.6,8,0.6,2,1233468834,True,8,0.0,0,2.8967344520855143,-8.48256103517741,/home/mar/Development/PyFracVAL/cluster_data/vanilla/sigma_1p50__Df_2p60__N_8/fracval_N8_Df2p60_kf0p60_rpg1p0_rpgstd1p50_agg2_20260731-042713-651717.dat
vanilla,1.0,1.4,16,1.8,0,197509517,True,16,0.0,0,4.7357955191662695,-0.5408498421805188,/home/mar/Development/PyFracVAL/cluster_data/vanilla/sigma_1p00__Df_1p40__N_16/fracval_N16_Df1p40_kf1p80_rpg1p0_rpgstd1p00_agg0_20260731-042713-668457.dat
vanilla,1.5,2.6,8,0.6,3,244470242,True,8,0.0,0,2.1506596953767465,-9.199303064302445,/home/mar/Development/PyFracVAL/cluster_data/vanilla/sigma_1p50__Df_2p60__N_8/fracval_N8_Df2p60_kf0p60_rpg1p0_rpgstd1p50_agg3_20260731-042713-675795.dat
vanilla,1.5,2.6,8,0.6,4,2020098738,True,8,0.0,0,2.952128938324132,-6.65188862572342,/home/mar/Development/PyFracVAL/cluster_data/vanilla/sigma_1p50__Df_2p60__N_8/fracval_N8_Df2p60_kf0p60_rpg1p0_rpgstd1p50_agg4_20260731-042713-682087.dat
vanilla,1.0,1.4,16,1.8,2,1194992922,True,16,0.0,0,4.7357955191662695,-0.5408498421805188,/home/mar/Development/PyFracVAL/cluster_data/vanilla/sigma_1p00__Df_1p40__N_16/fracval_N16_Df1p40_kf1p80_rpg1p0_rpgstd1p00_agg2_20260731-042713-687368.dat
vanilla,1.0,1.4,16,1.8,1,2036130655,True,16,0.0,0,4.73579551916627,-0.5408498421805001,/home/mar/Development/PyFracVAL/cluster_data/vanilla/sigma_1p00__Df_1p40__N_16/fracval_N16_Df1p40_kf1p80_rpg1p0_rpgstd1p00_agg1_20260731-042713-692512.dat
vanilla,1.0,1.4,16,1.8,3,1265875479,True,16,0.0,0,4.7357955191662695,-0.5408498421805188,/home/mar/Development/PyFracVAL/cluster_data/vanilla/sigma_1p00__Df_1p40__N_16/fracval_N16_Df1p40_kf1p80_rpg1p0_rpgstd1p00_agg3_20260731-042713-702475.dat
vanilla,1.0,1.4,16,1.8,4,544330776,True,16,0.0,0,4.73579551916627,-0.5408498421805001,/home/mar/Development/PyFracVAL/cluster_data/vanilla/sigma_1p00__Df_1p40__N_16/fracval_N16_Df1p40_kf1p80_rpg1p0_rpgstd1p00_agg4_20260731-042713-713882.dat
vanilla,1.0,1.6,16,1.4,0,188234002,True,16,0.0,0,4.491277946296558,-2.022813153584877,/home/mar/Development/PyFracVAL/cluster_data/vanilla/sigma_1p00__Df_1p60__N_16/fracval_N16_Df1p60_kf1p40_rpg1p0_rpgstd1p00_agg0_20260731-042713-719054.dat
vanilla,1.0,1.6,16,1.4,1,1200735178,True,16,0.0,0,4.491277946296559,-2.022813153584858,/home/mar/Development/PyFracVAL/cluster_data/vanilla/sigma_1p00__Df_1p60__N_16/fracval_N16_Df1p60_kf1p40_rpg1p0_rpgstd1p00_agg1_20260731-042713-722823.dat
vanilla,1.0,1.6,16,1.4,2,2126646662,True,16,0.0,0,4.491277946296559,-2.022813153584858,/home/mar/Development/PyFracVAL/cluster_data/vanilla/sigma_1p00__Df_1p60__N_16/fracval_N16_Df1p60_kf1p40_rpg1p0_rpgstd1p00_agg2_20260731-042713-726729.dat
vanilla,1.0,1.6,16,1.4,3,423008358,True,16,0.0,0,4.491277946296558,-2.022813153584877,/home/mar/Development/PyFracVAL/cluster_data/vanilla/sigma_1p00__Df_1p60__N_16/fracval_N16_Df1p60_kf1p40_rpg1p0_rpgstd1p00_agg3_20260731-042713-733256.dat
vanilla,1.0,1.6,16,1.4,4,1343635976,True,16,0.0,0,4.491277946296559,-2.022813153584858,/home/mar/Development/PyFracVAL/cluster_data/vanilla/sigma_1p00__Df_1p60__N_16/fracval_N16_Df1p60_kf1p40_rpg1p0_rpgstd1p00_agg4_20260731-042713-743088.dat
vanilla,1.0,2.0,16,0.6,1,639870566,True,16,0.0,0,4.716752157967194,-8.660487220025818,/home/mar/Development/PyFracVAL/cluster_data/vanilla/sigma_1p00__Df_2p00__N_16/fracval_N16_Df2p00_kf0p60_rpg1p0_rpgstd1p00_agg1_20260731-042713-749970.dat
vanilla,1.0,2.0,16,0.6,3,1232549707,True,16,0.0,0,4.7167521579671945,-8.6604872200258,/home/mar/Development/PyFracVAL/cluster_data/vanilla/sigma_1p00__Df_2p00__N_16/fracval_N16_Df2p00_kf0p60_rpg1p0_rpgstd1p00_agg3_20260731-042713-757508.dat
vanilla,1.0,2.0,16,0.6,0,967320020,True,16,0.0,0,4.716752157967194,-8.660487220025818,/home/mar/Development/PyFracVAL/cluster_data/vanilla/sigma_1p00__Df_2p00__N_16/fracval_N16_Df2p00_kf0p60_rpg1p0_rpgstd1p00_agg0_20260731-042713-768166.dat
vanilla,1.0,2.2,16,0.6,0,224910799,True,16,0.0,0,4.121576543615256,-7.339260012632129,/home/mar/Development/PyFracVAL/cluster_data/vanilla/sigma_1p00__Df_2p20__N_16/fracval_N16_Df2p20_kf0p60_rpg1p0_rpgstd1p00_agg0_20260731-042713-772650.dat
vanilla,1.0,2.2,16,0.6,1,437521216,True,16,0.0,0,4.121576543615256,-7.339260012632129,/home/mar/Development/PyFracVAL/cluster_data/vanilla/sigma_1p00__Df_2p20__N_16/fracval_N16_Df2p20_kf0p60_rpg1p0_rpgstd1p00_agg1_20260731-042713-794411.dat
vanilla,1.0,2.2,16,0.6,2,1884905771,True,16,0.0,0,4.121576543615256,-7.339260012632129,/home/mar/Development/PyFracVAL/cluster_data/vanilla/sigma_1p00__Df_2p20__N_16/fracval_N16_Df2p20_kf0p60_rpg1p0_rpgstd1p00_agg2_20260731-042713-830309.dat
vanilla,1.0,2.2,16,0.6,3,1948849311,True,16,0.0,0,4.121576543615256,-7.339260012632129,/home/mar/Development/PyFracVAL/cluster_data/vanilla/sigma_1p00__Df_2p20__N_16/fracval_N16_Df2p20_kf0p60_rpg1p0_rpgstd1p00_agg3_20260731-042713-837833.dat
vanilla,1.0,2.2,16,0.6,4,460934301,True,16,0.0,0,4.121576543615256,-7.339260012632129,/home/mar/Development/PyFracVAL/cluster_data/vanilla/sigma_1p00__Df_2p20__N_16/fracval_N16_Df2p20_kf0p60_rpg1p0_rpgstd1p00_agg4_20260731-042713-859711.dat
vanilla,1.0,2.4,16,0.6,0,574757188,True,16,0.0,0,3.7087211716329307,-5.578576177342344,/home/mar/Development/PyFracVAL/cluster_data/vanilla/sigma_1p00__Df_2p40__N_16/fracval_N16_Df2p40_kf0p60_rpg1p0_rpgstd1p00_agg0_20260731-042713-869392.dat
vanilla,1.0,2.4,16,0.6,1,1014927692,True,16,0.0,0,3.7087211716329307,-5.578576177342344,/home/mar/Development/PyFracVAL/cluster_data/vanilla/sigma_1p00__Df_2p40__N_16/fracval_N16_Df2p40_kf0p60_rpg1p0_rpgstd1p00_agg1_20260731-042713-915037.dat
vanilla,1.0,2.4,16,0.6,2,1443399982,True,16,0.0,0,3.708721171632931,-5.578576177342333,/home/mar/Development/PyFracVAL/cluster_data/vanilla/sigma_1p00__Df_2p40__N_16/fracval_N16_Df2p40_kf0p60_rpg1p0_rpgstd1p00_agg2_20260731-042713-922841.dat
vanilla,1.0,2.0,16,0.6,4,453417623,True,16,0.0,0,4.716752157967194,-8.660487220025818,/home/mar/Development/PyFracVAL/cluster_data/vanilla/sigma_1p00__Df_2p00__N_16/fracval_N16_Df2p00_kf0p60_rpg1p0_rpgstd1p00_agg4_20260731-042713-935357.dat
vanilla,1.0,2.4,16,0.6,3,1968020881,True,16,0.0,0,3.7087211716329302,-5.578576177342355,/home/mar/Development/PyFracVAL/cluster_data/vanilla/sigma_1p00__Df_2p40__N_16/fracval_N16_Df2p40_kf0p60_rpg1p0_rpgstd1p00_agg3_20260731-042713-945408.dat
vanilla,1.0,2.6,16,0.6,0,1449303292,True,16,0.0,0,3.412011378096689,-3.4925238114334207,/home/mar/Development/PyFracVAL/cluster_data/vanilla/sigma_1p00__Df_2p60__N_16/fracval_N16_Df2p60_kf0p60_rpg1p0_rpgstd1p00_agg0_20260731-042713-954093.dat
vanilla,1.0,2.4,16,0.6,4,1996810930,True,16,0.0,0,3.7087211716329307,-5.578576177342344,/home/mar/Development/PyFracVAL/cluster_data/vanilla/sigma_1p00__Df_2p40__N_16/fracval_N16_Df2p40_kf0p60_rpg1p0_rpgstd1p00_agg4_20260731-042713-960711.dat
vanilla,1.0,2.6,16,0.6,1,912793546,True,16,0.0,0,3.4120113780966883,-3.4925238114334456,/home/mar/Development/PyFracVAL/cluster_data/vanilla/sigma_1p00__Df_2p60__N_16/fracval_N16_Df2p60_kf0p60_rpg1p0_rpgstd1p00_agg1_20260731-042713-965368.dat
vanilla,1.0,2.6,16,0.6,2,2037652437,True,16,0.0,0,3.412011378096689,-3.4925238114334207,/home/mar/Development/PyFracVAL/cluster_data/vanilla/sigma_1p00__Df_2p60__N_16/fracval_N16_Df2p60_kf0p60_rpg1p0_rpgstd1p00_agg2_20260731-042713-969607.dat
vanilla,1.0,2.6,16,0.6,3,742364410,True,16,0.0,0,3.412011378096689,-3.4925238114334207,/home/mar/Development/PyFracVAL/cluster_data/vanilla/sigma_1p00__Df_2p60__N_16/fracval_N16_Df2p60_kf0p60_rpg1p0_rpgstd1p00_agg3_20260731-042713-974159.dat
vanilla,1.0,2.6,16,0.6,4,325351600,True,16,0.0,0,3.4120113780966883,-3.4925238114334456,/home/mar/Development/PyFracVAL/cluster_data/vanilla/sigma_1p00__Df_2p60__N_16/fracval_N16_Df2p60_kf0p60_rpg1p0_rpgstd1p00_agg4_20260731-042713-981045.dat
vanilla,1.25,1.6,16,1.0,0,1289235100,True,16,0.0,0,5.763295854301074,-5.934863703797359,/home/mar/Development/PyFracVAL/cluster_data/vanilla/sigma_1p25__Df_1p60__N_16/fracval_N16_Df1p60_kf1p00_rpg1p0_rpgstd1p25_agg0_20260731-042713-989246.dat
vanilla,1.25,1.4,16,1.4,3,566938257,True,16,0.0,0,5.380131730355859,-3.782459869032934,/home/mar/Development/PyFracVAL/cluster_data/vanilla/sigma_1p25__Df_1p40__N_16/fracval_N16_Df1p40_kf1p40_rpg1p0_rpgstd1p25_agg3_20260731-042713-993600.dat
vanilla,1.25,1.8,16,0.6,1,1980542124,True,16,0.0,0,5.21130812704719,-9.727777805036881,/home/mar/Development/PyFracVAL/cluster_data/vanilla/sigma_1p25__Df_1p80__N_16/fracval_N16_Df1p80_kf0p60_rpg1p0_rpgstd1p25_agg1_20260731-042714-000014.dat
vanilla,1.25,2.0,16,0.6,1,2117838490,True,16,0.0,0,4.5261095453480245,-9.279856275424496,/home/mar/Development/PyFracVAL/cluster_data/vanilla/sigma_1p25__Df_2p00__N_16/fracval_N16_Df2p00_kf0p60_rpg1p0_rpgstd1p25_agg1_20260731-042714-017793.dat
vanilla,1.25,2.0,16,0.6,0,349321767,True,16,0.0,0,4.755947690035981,-9.408720077811543,/home/mar/Development/PyFracVAL/cluster_data/vanilla/sigma_1p25__Df_2p00__N_16/fracval_N16_Df2p00_kf0p60_rpg1p0_rpgstd1p25_agg0_20260731-042714-022649.dat
vanilla,1.25,2.0,16,0.6,2,594318553,True,16,0.0,0,4.744018909573519,-8.350224412793988,/home/mar/Development/PyFracVAL/cluster_data/vanilla/sigma_1p25__Df_2p00__N_16/fracval_N16_Df2p00_kf0p60_rpg1p0_rpgstd1p25_agg2_20260731-042714-049961.dat
vanilla,1.25,2.0,16,0.6,3,626351243,True,16,0.0,0,4.60346818380174,-10.40366629511643,/home/mar/Development/PyFracVAL/cluster_data/vanilla/sigma_1p25__Df_2p00__N_16/fracval_N16_Df2p00_kf0p60_rpg1p0_rpgstd1p25_agg3_20260731-042714-085002.dat
vanilla,1.25,2.0,16,0.6,4,2127065179,True,16,0.0,0,4.802573413879248,-8.79780247687922,/home/mar/Development/PyFracVAL/cluster_data/vanilla/sigma_1p25__Df_2p00__N_16/fracval_N16_Df2p00_kf0p60_rpg1p0_rpgstd1p25_agg4_20260731-042714-137542.dat
vanilla,1.25,1.6,16,1.0,3,725234218,True,16,0.0,0,5.590430819117853,-5.858208319666791,/home/mar/Development/PyFracVAL/cluster_data/vanilla/sigma_1p25__Df_1p60__N_16/fracval_N16_Df1p60_kf1p00_rpg1p0_rpgstd1p25_agg3_20260731-042714-144129.dat
vanilla,1.25,2.2,16,0.6,0,963593606,True,16,0.0,0,4.237094316114724,-8.139740824811977,/home/mar/Development/PyFracVAL/cluster_data/vanilla/sigma_1p25__Df_2p20__N_16/fracval_N16_Df2p20_kf0p60_rpg1p0_rpgstd1p25_agg0_20260731-042714-179859.dat
vanilla,1.25,2.2,16,0.6,2,800024082,True,16,0.0,0,4.359616071079823,-7.945683452114838,/home/mar/Development/PyFracVAL/cluster_data/vanilla/sigma_1p25__Df_2p20__N_16/fracval_N16_Df2p20_kf0p60_rpg1p0_rpgstd1p25_agg2_20260731-042714-352591.dat
vanilla,1.25,2.2,16,0.6,3,1109821305,True,16,0.0,0,4.804045347130776,-7.058112941907815,/home/mar/Development/PyFracVAL/cluster_data/vanilla/sigma_1p25__Df_2p20__N_16/fracval_N16_Df2p20_kf0p60_rpg1p0_rpgstd1p25_agg3_20260731-042714-360726.dat
vanilla,1.25,2.2,16,0.6,1,1873898139,True,16,0.0,0,4.341480429108187,-8.108618866437016,/home/mar/Development/PyFracVAL/cluster_data/vanilla/sigma_1p25__Df_2p20__N_16/fracval_N16_Df2p20_kf0p60_rpg1p0_rpgstd1p25_agg1_20260731-042714-371247.dat
vanilla,1.25,2.2,16,0.6,4,97600593,True,16,0.0,0,4.292023883986197,-7.684582019716796,/home/mar/Development/PyFracVAL/cluster_data/vanilla/sigma_1p25__Df_2p20__N_16/fracval_N16_Df2p20_kf0p60_rpg1p0_rpgstd1p25_agg4_20260731-042714-391319.dat
vanilla,1.25,1.8,16,0.6,4,525779743,True,16,0.0,0,5.390848952246051,-9.665307174941843,/home/mar/Development/PyFracVAL/cluster_data/vanilla/sigma_1p25__Df_1p80__N_16/fracval_N16_Df1p80_kf0p60_rpg1p0_rpgstd1p25_agg4_20260731-042714-410101.dat
vanilla,1.25,2.4,16,0.6,0,511249779,True,16,0.0,0,3.419668929953278,-6.588870240570234,/home/mar/Development/PyFracVAL/cluster_data/vanilla/sigma_1p25__Df_2p40__N_16/fracval_N16_Df2p40_kf0p60_rpg1p0_rpgstd1p25_agg0_20260731-042714-414552.dat
vanilla,1.25,2.4,16,0.6,1,943804633,True,16,0.0,0,3.830718561008809,-5.595755156404624,/home/mar/Development/PyFracVAL/cluster_data/vanilla/sigma_1p25__Df_2p40__N_16/fracval_N16_Df2p40_kf0p60_rpg1p0_rpgstd1p25_agg1_20260731-042714-432954.dat
vanilla,1.25,2.4,16,0.6,2,2105382336,True,16,0.0,0,3.6710628810138126,-7.122113092123065,/home/mar/Development/PyFracVAL/cluster_data/vanilla/sigma_1p25__Df_2p40__N_16/fracval_N16_Df2p40_kf0p60_rpg1p0_rpgstd1p25_agg2_20260731-042714-459847.dat
vanilla,1.25,2.4,16,0.6,3,931016290,True,16,0.0,0,3.6136517515911897,-6.774638115191359,/home/mar/Development/PyFracVAL/cluster_data/vanilla/sigma_1p25__Df_2p40__N_16/fracval_N16_Df2p40_kf0p60_rpg1p0_rpgstd1p25_agg3_20260731-042714-478530.dat
vanilla,1.25,2.4,16,0.6,4,1354584563,True,16,0.0,0,3.734679303036927,-6.186279307456118,/home/mar/Development/PyFracVAL/cluster_data/vanilla/sigma_1p25__Df_2p40__N_16/fracval_N16_Df2p40_kf0p60_rpg1p0_rpgstd1p25_agg4_20260731-042714-494267.dat
vanilla,1.25,2.6,16,0.6,0,513136176,True,16,0.0,0,3.3629599817981113,-3.901886212504603,/home/mar/Development/PyFracVAL/cluster_data/vanilla/sigma_1p25__Df_2p60__N_16/fracval_N16_Df2p60_kf0p60_rpg1p0_rpgstd1p25_agg0_20260731-042714-503114.dat
vanilla,1.25,2.6,16,0.6,1,441156842,True,16,0.0,0,3.0792628724003914,-4.246041235070455,/home/mar/Development/PyFracVAL/cluster_data/vanilla/sigma_1p25__Df_2p60__N_16/fracval_N16_Df2p60_kf0p60_rpg1p0_rpgstd1p25_agg1_20260731-042714-509582.dat
vanilla,1.25,2.6,16,0.6,2,1556321144,True,16,0.0,0,3.4837609709005726,-2.763329775940804,/home/mar/Development/PyFracVAL/cluster_data/vanilla/sigma_1p25__Df_2p60__N_16/fracval_N16_Df2p60_kf0p60_rpg1p0_rpgstd1p25_agg2_20260731-042714-527496.dat
vanilla,1.25,2.6,16,0.6,3,1649025091,True,16,0.0,0,3.2806609330851555,-4.095540375607929,/home/mar/Development/PyFracVAL/cluster_data/vanilla/sigma_1p25__Df_2p60__N_16/fracval_N16_Df2p60_kf0p60_rpg1p0_rpgstd1p25_agg3_20260731-042714-540840.dat
vanilla,1.25,2.6,16,0.6,4,143492167,True,16,0.0,0,3.368052371232856,-4.288213945577121,/home/mar/Development/PyFracVAL/cluster_data/vanilla/sigma_1p25__Df_2p60__N_16/fracval_N16_Df2p60_kf0p60_rpg1p0_rpgstd1p25_agg4_20260731-042714-559511.dat
vanilla,1.5,1.4,16,1.4,1,1897346038,True,16,0.0,0,5.278272900379437,-4.2845570368642445,/home/mar/Development/PyFracVAL/cluster_data/vanilla/sigma_1p50__Df_1p40__N_16/fracval_N16_Df1p40_kf1p40_rpg1p0_rpgstd1p50_agg1_20260731-042714-564614.dat
vanilla,1.5,1.4,16,1.4,4,1525581182,True,16,0.0,0,5.062428941108302,-4.655125967744938,/home/mar/Development/PyFracVAL/cluster_data/vanilla/sigma_1p50__Df_1p40__N_16/fracval_N16_Df1p40_kf1p40_rpg1p0_rpgstd1p50_agg4_20260731-042714-569677.dat
vanilla,1.5,1.4,16,1.4,3,242975591,True,16,0.0,0,5.8030155774357475,-4.734828329875191,/home/mar/Development/PyFracVAL/cluster_data/vanilla/sigma_1p50__Df_1p40__N_16/fracval_N16_Df1p40_kf1p40_rpg1p0_rpgstd1p50_agg3_20260731-042714-576015.dat
vanilla,1.5,1.6,16,1.0,1,958103064,True,16,0.0,0,6.332639804983581,-6.394211175754178,/home/mar/Development/PyFracVAL/cluster_data/vanilla/sigma_1p50__Df_1p60__N_16/fracval_N16_Df1p60_kf1p00_rpg1p0_rpgstd1p50_agg1_20260731-042714-580032.dat
vanilla,1.5,1.4,16,1.4,2,1129048581,True,16,0.0,0,5.598984193547685,-4.3089884285187905,/home/mar/Development/PyFracVAL/cluster_data/vanilla/sigma_1p50__Df_1p40__N_16/fracval_N16_Df1p40_kf1p40_rpg1p0_rpgstd1p50_agg2_20260731-042714-586130.dat
vanilla,1.5,1.6,16,1.0,0,1665884022,True,16,0.0,0,5.023530993170176,-6.503519844401613,/home/mar/Development/PyFracVAL/cluster_data/vanilla/sigma_1p50__Df_1p60__N_16/fracval_N16_Df1p60_kf1p00_rpg1p0_rpgstd1p50_agg0_20260731-042714-595161.dat
vanilla,1.5,1.6,16,1.0,2,1953615154,True,16,0.0,0,5.575129921826181,-5.876001972414248,/home/mar/Development/PyFracVAL/cluster_data/vanilla/sigma_1p50__Df_1p60__N_16/fracval_N16_Df1p60_kf1p00_rpg1p0_rpgstd1p50_agg2_20260731-042714-601842.dat
vanilla,1.5,1.6,16,1.0,4,1934281062,True,16,0.0,0,5.680794476582269,-5.637336348938593,/home/mar/Development/PyFracVAL/cluster_data/vanilla/sigma_1p50__Df_1p60__N_16/fracval_N16_Df1p60_kf1p00_rpg1p0_rpgstd1p50_agg4_20260731-042714-610070.dat
vanilla,1.5,1.8,16,0.6,2,1372570925,True,16,0.0,0,5.254525289669076,-13.341411097167615,/home/mar/Development/PyFracVAL/cluster_data/vanilla/sigma_1p50__Df_1p80__N_16/fracval_N16_Df1p80_kf0p60_rpg1p0_rpgstd1p50_agg2_20260731-042714-615701.dat
vanilla,1.5,1.8,16,0.6,1,978105025,True,16,0.0,0,5.673038519213122,-9.769296274426514,/home/mar/Development/PyFracVAL/cluster_data/vanilla/sigma_1p50__Df_1p80__N_16/fracval_N16_Df1p80_kf0p60_rpg1p0_rpgstd1p50_agg1_20260731-042714-637893.dat
vanilla,1.5,1.6,16,1.0,3,1603902895,True,16,0.0,0,5.500286506165031,-7.128916718539253,/home/mar/Development/PyFracVAL/cluster_data/vanilla/sigma_1p50__Df_1p60__N_16/fracval_N16_Df1p60_kf1p00_rpg1p0_rpgstd1p50_agg3_20260731-042714-668426.dat
vanilla,1.5,2.0,16,0.6,0,61550344,True,16,0.0,0,5.665687245341675,-8.916070970382597,/home/mar/Development/PyFracVAL/cluster_data/vanilla/sigma_1p50__Df_2p00__N_16/fracval_N16_Df2p00_kf0p60_rpg1p0_rpgstd1p50_agg0_20260731-042714-716368.dat
vanilla,1.5,2.0,16,0.6,1,376083018,True,16,0.0,0,4.279597397579271,-11.174847914555604,/home/mar/Development/PyFracVAL/cluster_data/vanilla/sigma_1p50__Df_2p00__N_16/fracval_N16_Df2p00_kf0p60_rpg1p0_rpgstd1p50_agg1_20260731-042714-732872.dat
vanilla,1.5,2.0,16,0.6,2,1219496893,True,16,0.0,0,4.291991411492611,-9.42139707191489,/home/mar/Development/PyFracVAL/cluster_data/vanilla/sigma_1p50__Df_2p00__N_16/fracval_N16_Df2p00_kf0p60_rpg1p0_rpgstd1p50_agg2_20260731-042714-768467.dat
vanilla,1.5,2.0,16,0.6,3,76874376,True,16,0.0,0,3.991221532639249,-10.47424539587777,/home/mar/Development/PyFracVAL/cluster_data/vanilla/sigma_1p50__Df_2p00__N_16/fracval_N16_Df2p00_kf0p60_rpg1p0_rpgstd1p50_agg3_20260731-042714-786576.dat
vanilla,1.5,2.0,16,0.6,4,982791277,True,16,0.0,0,4.449772455567497,-9.077705698344907,/home/mar/Development/PyFracVAL/cluster_data/vanilla/sigma_1p50__Df_2p00__N_16/fracval_N16_Df2p00_kf0p60_rpg1p0_rpgstd1p50_agg4_20260731-042714-790723.dat
vanilla,1.5,2.2,16,0.6,1,99858436,True,16,0.0,0,4.141153938364587,-8.113443972386511,/home/mar/Development/PyFracVAL/cluster_data/vanilla/sigma_1p50__Df_2p20__N_16/fracval_N16_Df2p20_kf0p60_rpg1p0_rpgstd1p50_agg1_20260731-042714-809363.dat
vanilla,1.5,2.2,16,0.6,2,594661610,True,16,0.0,0,4.825362431664253,-8.201425456839479,/home/mar/Development/PyFracVAL/cluster_data/vanilla/sigma_1p50__Df_2p20__N_16/fracval_N16_Df2p20_kf0p60_rpg1p0_rpgstd1p50_agg2_20260731-042714-814963.dat
vanilla,1.5,2.2,16,0.6,0,182278286,True,16,0.0,0,3.901005496287599,-8.722132202715752,/home/mar/Development/PyFracVAL/cluster_data/vanilla/sigma_1p50__Df_2p20__N_16/fracval_N16_Df2p20_kf0p60_rpg1p0_rpgstd1p50_agg0_20260731-042714-825691.dat
vanilla,1.5,2.4,16,0.6,0,1703797977,True,16,0.0,0,3.7188924550099562,-6.534912461897341,/home/mar/Development/PyFracVAL/cluster_data/vanilla/sigma_1p50__Df_2p40__N_16/fracval_N16_Df2p40_kf0p60_rpg1p0_rpgstd1p50_agg0_20260731-042714-835808.dat
vanilla,1.5,2.2,16,0.6,3,540708458,True,16,0.0,0,4.0236117029930005,-7.699877450124619,/home/mar/Development/PyFracVAL/cluster_data/vanilla/sigma_1p50__Df_2p20__N_16/fracval_N16_Df2p20_kf0p60_rpg1p0_rpgstd1p50_agg3_20260731-042714-845977.dat
vanilla,1.5,2.2,16,0.6,4,1802815486,True,16,0.0,0,3.6351819222289232,-8.654830583569197,/home/mar/Development/PyFracVAL/cluster_data/vanilla/sigma_1p50__Df_2p20__N_16/fracval_N16_Df2p20_kf0p60_rpg1p0_rpgstd1p50_agg4_20260731-042714-850143.dat
vanilla,1.5,2.4,16,0.6,1,1741676675,True,16,0.0,0,3.9128924394381994,-5.650243262831794,/home/mar/Development/PyFracVAL/cluster_data/vanilla/sigma_1p50__Df_2p40__N_16/fracval_N16_Df2p40_kf0p60_rpg1p0_rpgstd1p50_agg1_20260731-042714-856791.dat
vanilla,1.5,2.4,16,0.6,2,801609491,True,16,0.0,0,3.836491376807131,-6.232796204941453,/home/mar/Development/PyFracVAL/cluster_data/vanilla/sigma_1p50__Df_2p40__N_16/fracval_N16_Df2p40_kf0p60_rpg1p0_rpgstd1p50_agg2_20260731-042714-870879.dat
vanilla,1.5,2.4,16,0.6,3,894778035,True,16,0.0,0,3.5448144925908047,-6.209685648701294,/home/mar/Development/PyFracVAL/cluster_data/vanilla/sigma_1p50__Df_2p40__N_16/fracval_N16_Df2p40_kf0p60_rpg1p0_rpgstd1p50_agg3_20260731-042714-877948.dat
vanilla,1.5,2.4,16,0.6,4,372116095,True,16,0.0,0,3.836786733329556,-5.8238029351894465,/home/mar/Development/PyFracVAL/cluster_data/vanilla/sigma_1p50__Df_2p40__N_16/fracval_N16_Df2p40_kf0p60_rpg1p0_rpgstd1p50_agg4_20260731-042714-891206.dat
vanilla,1.5,2.6,16,0.6,1,359389347,True,16,0.0,0,3.2566592078011647,-4.556062148368941,/home/mar/Development/PyFracVAL/cluster_data/vanilla/sigma_1p50__Df_2p60__N_16/fracval_N16_Df2p60_kf0p60_rpg1p0_rpgstd1p50_agg1_20260731-042714-895829.dat
vanilla,1.5,2.6,16,0.6,2,599658317,True,16,0.0,0,2.958350511850383,-4.781367698382793,/home/mar/Development/PyFracVAL/cluster_data/vanilla/sigma_1p50__Df_2p60__N_16/fracval_N16_Df2p60_kf0p60_rpg1p0_rpgstd1p50_agg2_20260731-042714-902291.dat
vanilla,1.5,2.6,16,0.6,0,2113406725,True,16,0.0,0,3.7777436294069666,-4.260419921023831,/home/mar/Development/PyFracVAL/cluster_data/vanilla/sigma_1p50__Df_2p60__N_16/fracval_N16_Df2p60_kf0p60_rpg1p0_rpgstd1p50_agg0_20260731-042714-907068.dat
vanilla,1.5,2.6,16,0.6,4,1831838821,True,16,0.0,0,3.692607016889414,-3.4322675358665378,/home/mar/Development/PyFracVAL/cluster_data/vanilla/sigma_1p50__Df_2p60__N_16/fracval_N16_Df2p60_kf0p60_rpg1p0_rpgstd1p50_agg4_20260731-042714-913761.dat
vanilla,1.5,2.6,16,0.6,3,407317417,True,16,0.0,0,3.413427270190843,-3.5666340129838834,/home/mar/Development/PyFracVAL/cluster_data/vanilla/sigma_1p50__Df_2p60__N_16/fracval_N16_Df2p60_kf0p60_rpg1p0_rpgstd1p50_agg3_20260731-042714-944701.dat
vanilla,1.0,1.6,32,1.8,0,75618189,True,32,0.0,0,6.09099170934121,0.812547093306174,/home/mar/Development/PyFracVAL/cluster_data/vanilla/sigma_1p00__Df_1p60__N_32/fracval_N32_Df1p60_kf1p80_rpg1p0_rpgstd1p00_agg0_20260731-042714-952861.dat
vanilla,1.0,1.6,32,1.8,1,683642426,True,32,0.0,0,6.090991709341211,0.8125470933062034,/home/mar/Development/PyFracVAL/cluster_data/vanilla/sigma_1p00__Df_1p60__N_32/fracval_N32_Df1p60_kf1p80_rpg1p0_rpgstd1p00_agg1_20260731-042714-959119.dat
vanilla,1.0,1.6,32,1.8,2,1879989029,True,32,0.0,0,6.090991709341211,0.8125470933062034,/home/mar/Development/PyFracVAL/cluster_data/vanilla/sigma_1p00__Df_1p60__N_32/fracval_N32_Df1p60_kf1p80_rpg1p0_rpgstd1p00_agg2_20260731-042714-964875.dat
vanilla,1.0,1.6,32,1.8,3,409258993,True,32,0.0,0,6.0909917093412105,0.8125470933061887,/home/mar/Development/PyFracVAL/cluster_data/vanilla/sigma_1p00__Df_1p60__N_32/fracval_N32_Df1p60_kf1p80_rpg1p0_rpgstd1p00_agg3_20260731-042714-969126.dat
vanilla,1.5,1.8,16,0.6,4,2145794152,True,16,0.0,0,6.251505356531135,-12.23541107042433,/home/mar/Development/PyFracVAL/cluster_data/vanilla/sigma_1p50__Df_1p80__N_16/fracval_N16_Df1p80_kf0p60_rpg1p0_rpgstd1p50_agg4_20260731-042714-979637.dat
vanilla,1.0,1.6,32,1.8,4,2074895847,True,32,0.0,0,6.090991709341211,0.8125470933062034,/home/mar/Development/PyFracVAL/cluster_data/vanilla/sigma_1p00__Df_1p60__N_32/fracval_N32_Df1p60_kf1p80_rpg1p0_rpgstd1p00_agg4_20260731-042714-991395.dat
vanilla,1.0,1.8,32,1.0,0,967847276,True,32,0.0,0,6.732015145356963,-1.8363604759358907,/home/mar/Development/PyFracVAL/cluster_data/vanilla/sigma_1p00__Df_1p80__N_32/fracval_N32_Df1p80_kf1p00_rpg1p0_rpgstd1p00_agg0_20260731-042714-999637.dat
vanilla,1.0,1.8,32,1.0,1,1041231262,True,32,0.0,0,6.732015145356963,-1.8363604759358907,/home/mar/Development/PyFracVAL/cluster_data/vanilla/sigma_1p00__Df_1p80__N_32/fracval_N32_Df1p80_kf1p00_rpg1p0_rpgstd1p00_agg1_20260731-042715-026467.dat
vanilla,1.0,1.8,32,1.0,2,2057617039,True,32,0.0,0,6.7320151453569625,-1.8363604759359036,/home/mar/Development/PyFracVAL/cluster_data/vanilla/sigma_1p00__Df_1p80__N_32/fracval_N32_Df1p80_kf1p00_rpg1p0_rpgstd1p00_agg2_20260731-042715-054714.dat
vanilla,1.0,1.8,32,1.0,4,1668259455,True,32,0.0,0,6.7320151453569625,-1.8363604759359036,/home/mar/Development/PyFracVAL/cluster_data/vanilla/sigma_1p00__Df_1p80__N_32/fracval_N32_Df1p80_kf1p00_rpg1p0_rpgstd1p00_agg4_20260731-042715-066147.dat
vanilla,1.0,1.8,32,1.0,3,384196917,True,32,0.0,0,6.7320151453569625,-1.8363604759359036,/home/mar/Development/PyFracVAL/cluster_data/vanilla/sigma_1p00__Df_1p80__N_32/fracval_N32_Df1p80_kf1p00_rpg1p0_rpgstd1p00_agg3_20260731-042715-117522.dat
vanilla,1.0,2.0,32,1.4,0,151802342,True,32,0.0,0,4.842370157729724,1.2854386163491731,/home/mar/Development/PyFracVAL/cluster_data/vanilla/sigma_1p00__Df_2p00__N_32/fracval_N32_Df2p00_kf1p40_rpg1p0_rpgstd1p00_agg0_20260731-042715-169835.dat
vanilla,1.0,2.0,32,1.4,1,1023588538,True,32,0.0,0,4.842370157729723,1.2854386163491545,/home/mar/Development/PyFracVAL/cluster_data/vanilla/sigma_1p00__Df_2p00__N_32/fracval_N32_Df2p00_kf1p40_rpg1p0_rpgstd1p00_agg1_20260731-042715-174778.dat
vanilla,1.0,2.0,32,1.4,2,754487967,True,32,0.0,0,4.842370157729724,1.2854386163491731,/home/mar/Development/PyFracVAL/cluster_data/vanilla/sigma_1p00__Df_2p00__N_32/fracval_N32_Df2p00_kf1p40_rpg1p0_rpgstd1p00_agg2_20260731-042715-181256.dat
vanilla,1.0,2.0,32,1.4,3,2019997681,True,32,0.0,0,4.842370157729724,1.2854386163491731,/home/mar/Development/PyFracVAL/cluster_data/vanilla/sigma_1p00__Df_2p00__N_32/fracval_N32_Df2p00_kf1p40_rpg1p0_rpgstd1p00_agg3_20260731-042715-188526.dat
vanilla,1.0,2.0,32,1.4,4,1235785752,True,32,0.0,0,4.842370157729724,1.2854386163491731,/home/mar/Development/PyFracVAL/cluster_data/vanilla/sigma_1p00__Df_2p00__N_32/fracval_N32_Df2p00_kf1p40_rpg1p0_rpgstd1p00_agg4_20260731-042715-227965.dat
vanilla,1.0,2.2,32,1.0,0,797064785,True,32,0.0,0,4.818064735014783,-0.29577782235428673,/home/mar/Development/PyFracVAL/cluster_data/vanilla/sigma_1p00__Df_2p20__N_32/fracval_N32_Df2p20_kf1p00_rpg1p0_rpgstd1p00_agg0_20260731-042715-234109.dat
vanilla,1.0,2.2,32,1.0,1,778687071,True,32,0.0,0,4.818064735014783,-0.29577782235428673,/home/mar/Development/PyFracVAL/cluster_data/vanilla/sigma_1p00__Df_2p20__N_32/fracval_N32_Df2p20_kf1p00_rpg1p0_rpgstd1p00_agg1_20260731-042715-240217.dat
vanilla,1.0,2.2,32,1.0,2,1094251737,True,32,0.0,0,4.818064735014783,-0.29577782235428673,/home/mar/Development/PyFracVAL/cluster_data/vanilla/sigma_1p00__Df_2p20__N_32/fracval_N32_Df2p20_kf1p00_rpg1p0_rpgstd1p00_agg2_20260731-042715-247182.dat
vanilla,1.0,2.2,32,1.0,3,261880571,True,32,0.0,0,4.818064735014782,-0.2957778223543051,/home/mar/Development/PyFracVAL/cluster_data/vanilla/sigma_1p00__Df_2p20__N_32/fracval_N32_Df2p20_kf1p00_rpg1p0_rpgstd1p00_agg3_20260731-042715-259066.dat
vanilla,1.0,2.2,32,1.0,4,539310654,True,32,0.0,0,4.818064735014783,-0.29577782235428673,/home/mar/Development/PyFracVAL/cluster_data/vanilla/sigma_1p00__Df_2p20__N_32/fracval_N32_Df2p20_kf1p00_rpg1p0_rpgstd1p00_agg4_20260731-042715-272895.dat
vanilla,1.0,2.4,32,0.6,0,1008151782,True,32,0.0,0,5.085376856611902,-3.007011915527411,/home/mar/Development/PyFracVAL/cluster_data/vanilla/sigma_1p00__Df_2p40__N_32/fracval_N32_Df2p40_kf0p60_rpg1p0_rpgstd1p00_agg0_20260731-042715-279771.dat
vanilla,1.0,2.4,32,0.6,1,1300247526,True,32,0.0,0,5.085376856611902,-3.007011915527411,/home/mar/Development/PyFracVAL/cluster_data/vanilla/sigma_1p00__Df_2p40__N_32/fracval_N32_Df2p40_kf0p60_rpg1p0_rpgstd1p00_agg1_20260731-042715-284929.dat
vanilla,1.0,2.4,32,0.6,2,1771959870,True,32,0.0,0,5.085376856611903,-3.0070119155273938,/home/mar/Development/PyFracVAL/cluster_data/vanilla/sigma_1p00__Df_2p40__N_32/fracval_N32_Df2p40_kf0p60_rpg1p0_rpgstd1p00_agg2_20260731-042715-289902.dat
vanilla,1.0,2.4,32,0.6,3,1682344208,True,32,0.0,0,5.085376856611902,-3.007011915527411,/home/mar/Development/PyFracVAL/cluster_data/vanilla/sigma_1p00__Df_2p40__N_32/fracval_N32_Df2p40_kf0p60_rpg1p0_rpgstd1p00_agg3_20260731-042715-294253.dat
vanilla,1.0,2.4,32,0.6,4,1563345417,True,32,0.0,0,5.085376856611903,-3.0070119155273938,/home/mar/Development/PyFracVAL/cluster_data/vanilla/sigma_1p00__Df_2p40__N_32/fracval_N32_Df2p40_kf0p60_rpg1p0_rpgstd1p00_agg4_20260731-042715-306270.dat
vanilla,1.0,2.6,32,1.2,2,388841650,True,32,0.0,0,3.6913196853791583,4.407608054295625,/home/mar/Development/PyFracVAL/cluster_data/vanilla/sigma_1p00__Df_2p60__N_32/fracval_N32_Df2p60_kf1p20_rpg1p0_rpgstd1p00_agg2_20260731-042715-316514.dat
vanilla,1.0,2.6,32,1.2,1,402168655,True,32,0.0,0,3.6913196853791588,4.407608054295637,/home/mar/Development/PyFracVAL/cluster_data/vanilla/sigma_1p00__Df_2p60__N_32/fracval_N32_Df2p60_kf1p20_rpg1p0_rpgstd1p00_agg1_20260731-042715-330274.dat
vanilla,1.25,1.4,32,1.6,0,374770866,True,32,0.0,0,8.261621212627352,-0.6426685290977561,/home/mar/Development/PyFracVAL/cluster_data/vanilla/sigma_1p25__Df_1p40__N_32/fracval_N32_Df1p40_kf1p60_rpg1p0_rpgstd1p25_agg0_20260731-042715-338077.dat
vanilla,1.25,1.4,32,1.6,2,1194809449,True,32,0.0,0,8.412183888419307,-0.4975396753419562,/home/mar/Development/PyFracVAL/cluster_data/vanilla/sigma_1p25__Df_1p40__N_32/fracval_N32_Df1p40_kf1p60_rpg1p0_rpgstd1p25_agg2_20260731-042715-344432.dat
vanilla,1.0,2.6,32,1.2,4,425951216,True,32,0.0,0,3.691319685379158,4.407608054295612,/home/mar/Development/PyFracVAL/cluster_data/vanilla/sigma_1p00__Df_2p60__N_32/fracval_N32_Df2p60_kf1p20_rpg1p0_rpgstd1p00_agg4_20260731-042715-350610.dat
vanilla,1.25,1.4,32,1.6,3,136939846,True,32,0.0,0,9.212632177217733,-0.6095435560697037,/home/mar/Development/PyFracVAL/cluster_data/vanilla/sigma_1p25__Df_1p40__N_32/fracval_N32_Df1p40_kf1p60_rpg1p0_rpgstd1p25_agg3_20260731-042715-359300.dat
vanilla,1.25,1.4,32,1.6,4,214849186,True,32,0.0,0,8.423883744945945,-0.6246199629540692,/home/mar/Development/PyFracVAL/cluster_data/vanilla/sigma_1p25__Df_1p40__N_32/fracval_N32_Df1p40_kf1p60_rpg1p0_rpgstd1p25_agg4_20260731-042715-363520.dat
vanilla,1.25,1.6,32,1.0,1,388422821,True,32,0.0,0,8.818057180372668,-2.075201054312231,/home/mar/Development/PyFracVAL/cluster_data/vanilla/sigma_1p25__Df_1p60__N_32/fracval_N32_Df1p60_kf1p00_rpg1p0_rpgstd1p25_agg1_20260731-042715-369246.dat
vanilla,1.25,1.6,32,1.0,2,1078120683,True,32,0.0,0,8.437563359914336,-2.364747908344433,/home/mar/Development/PyFracVAL/cluster_data/vanilla/sigma_1p25__Df_1p60__N_32/fracval_N32_Df1p60_kf1p00_rpg1p0_rpgstd1p25_agg2_20260731-042715-382970.dat
vanilla,1.25,1.4,32,1.6,1,1712044379,True,32,0.0,0,8.894121069136645,-0.6918901200739217,/home/mar/Development/PyFracVAL/cluster_data/vanilla/sigma_1p25__Df_1p40__N_32/fracval_N32_Df1p40_kf1p60_rpg1p0_rpgstd1p25_agg1_20260731-042715-390342.dat
vanilla,1.25,1.6,32,1.0,0,1962239705,True,32,0.0,0,8.779149595040357,-2.253446740637214,/home/mar/Development/PyFracVAL/cluster_data/vanilla/sigma_1p25__Df_1p60__N_32/fracval_N32_Df1p60_kf1p00_rpg1p0_rpgstd1p25_agg0_20260731-042715-395767.dat
vanilla,1.25,1.6,32,1.0,3,1413470322,True,32,0.0,0,8.32215932123384,-2.3183075569119542,/home/mar/Development/PyFracVAL/cluster_data/vanilla/sigma_1p25__Df_1p60__N_32/fracval_N32_Df1p60_kf1p00_rpg1p0_rpgstd1p25_agg3_20260731-042715-412020.dat
vanilla,1.0,2.6,32,1.2,0,1574082859,True,32,0.0,0,3.691319685379159,4.4076080542956495,/home/mar/Development/PyFracVAL/cluster_data/vanilla/sigma_1p00__Df_2p60__N_32/fracval_N32_Df2p60_kf1p20_rpg1p0_rpgstd1p00_agg0_20260731-042715-419797.dat
vanilla,1.25,1.6,32,1.0,4,1918892157,True,32,0.0,0,8.318099495433422,-2.198548984427812,/home/mar/Development/PyFracVAL/cluster_data/vanilla/sigma_1p25__Df_1p60__N_32/fracval_N32_Df1p60_kf1p00_rpg1p0_rpgstd1p25_agg4_20260731-042715-446561.dat
vanilla,1.25,1.8,32,1.4,0,1675093242,True,32,0.0,0,5.628572507953751,0.25364496574200457,/home/mar/Development/PyFracVAL/cluster_data/vanilla/sigma_1p25__Df_1p80__N_32/fracval_N32_Df1p80_kf1p40_rpg1p0_rpgstd1p25_agg0_20260731-042715-462508.dat
vanilla,1.25,1.8,32,1.4,2,86636995,True,32,0.0,0,5.667376593774622,-0.1181882250613268,/home/mar/Development/PyFracVAL/cluster_data/vanilla/sigma_1p25__Df_1p80__N_32/fracval_N32_Df1p80_kf1p40_rpg1p0_rpgstd1p25_agg2_20260731-042715-473828.dat
vanilla,1.25,1.8,32,1.4,1,80967613,True,32,0.0,0,6.160751228019609,-0.2606592254558878,/home/mar/Development/PyFracVAL/cluster_data/vanilla/sigma_1p25__Df_1p80__N_32/fracval_N32_Df1p80_kf1p40_rpg1p0_rpgstd1p25_agg1_20260731-042715-505391.dat
vanilla,1.25,1.8,32,1.4,3,834827608,True,32,0.0,0,5.770856144674671,0.06820046669976755,/home/mar/Development/PyFracVAL/cluster_data/vanilla/sigma_1p25__Df_1p80__N_32/fracval_N32_Df1p80_kf1p40_rpg1p0_rpgstd1p25_agg3_20260731-042715-514715.dat
vanilla,1.25,1.8,32,1.4,4,972887071,True,32,0.0,0,5.805129971300947,-0.2289245490950938,/home/mar/Development/PyFracVAL/cluster_data/vanilla/sigma_1p25__Df_1p80__N_32/fracval_N32_Df1p80_kf1p40_rpg1p0_rpgstd1p25_agg4_20260731-042715-546129.dat
vanilla,1.25,2.0,32,1.6,0,1152731156,True,32,0.0,0,4.553807777242484,2.4969621007072984,/home/mar/Development/PyFracVAL/cluster_data/vanilla/sigma_1p25__Df_2p00__N_32/fracval_N32_Df2p00_kf1p60_rpg1p0_rpgstd1p25_agg0_20260731-042715-565083.dat
vanilla,1.25,2.0,32,1.6,1,439556991,True,32,0.0,0,4.509597187285025,2.4306964137162366,/home/mar/Development/PyFracVAL/cluster_data/vanilla/sigma_1p25__Df_2p00__N_32/fracval_N32_Df2p00_kf1p60_rpg1p0_rpgstd1p25_agg1_20260731-042715-582904.dat
vanilla,1.25,2.0,32,1.6,2,469549820,True,32,0.0,0,4.4333954725161435,2.4847099116831166,/home/mar/Development/PyFracVAL/cluster_data/vanilla/sigma_1p25__Df_2p00__N_32/fracval_N32_Df2p00_kf1p60_rpg1p0_rpgstd1p25_agg2_20260731-042715-604479.dat
vanilla,1.25,2.0,32,1.6,4,1100507219,True,32,0.0,0,4.631971211098407,2.231361008157685,/home/mar/Development/PyFracVAL/cluster_data/vanilla/sigma_1p25__Df_2p00__N_32/fracval_N32_Df2p00_kf1p60_rpg1p0_rpgstd1p25_agg4_20260731-042715-614252.dat
vanilla,1.25,2.0,32,1.6,3,1060920856,True,32,0.0,0,4.621659286903746,2.7249788825931014,/home/mar/Development/PyFracVAL/cluster_data/vanilla/sigma_1p25__Df_2p00__N_32/fracval_N32_Df2p00_kf1p60_rpg1p0_rpgstd1p25_agg3_20260731-042715-643373.dat
vanilla,1.0,2.6,32,1.2,3,793538113,True,32,0.0,0,3.6913196853791588,4.407608054295637,/home/mar/Development/PyFracVAL/cluster_data/vanilla/sigma_1p00__Df_2p60__N_32/fracval_N32_Df2p60_kf1p20_rpg1p0_rpgstd1p00_agg3_20260731-042715-784134.dat
vanilla,1.25,2.2,32,0.8,0,2129678700,True,32,0.0,0,5.11257586626953,-2.0355530881440096,/home/mar/Development/PyFracVAL/cluster_data/vanilla/sigma_1p25__Df_2p20__N_32/fracval_N32_Df2p20_kf0p80_rpg1p0_rpgstd1p25_agg0_20260731-042715-795100.dat
vanilla,1.25,2.2,32,0.8,1,1770661861,True,32,0.0,0,5.078502640804432,-2.1469977777840525,/home/mar/Development/PyFracVAL/cluster_data/vanilla/sigma_1p25__Df_2p20__N_32/fracval_N32_Df2p20_kf0p80_rpg1p0_rpgstd1p25_agg1_20260731-042715-807567.dat
vanilla,1.25,2.2,32,0.8,3,1097443247,True,32,0.0,0,5.394947823300956,-2.206384017321103,/home/mar/Development/PyFracVAL/cluster_data/vanilla/sigma_1p25__Df_2p20__N_32/fracval_N32_Df2p20_kf0p80_rpg1p0_rpgstd1p25_agg3_20260731-042715-826194.dat
vanilla,1.25,2.2,32,0.8,2,421338529,True,32,0.0,0,5.327244306454825,-2.3898636112822023,/home/mar/Development/PyFracVAL/cluster_data/vanilla/sigma_1p25__Df_2p20__N_32/fracval_N32_Df2p20_kf0p80_rpg1p0_rpgstd1p25_agg2_20260731-042715-837217.dat
vanilla,1.25,2.4,32,0.6,0,350613208,True,32,0.0,0,5.18478702915231,-3.702225318319415,/home/mar/Development/PyFracVAL/cluster_data/vanilla/sigma_1p25__Df_2p40__N_32/fracval_N32_Df2p40_kf0p60_rpg1p0_rpgstd1p25_agg0_20260731-042715-844282.dat
vanilla,1.25,2.2,32,0.8,4,59206688,True,32,0.0,0,5.378492665497796,-2.013634390868883,/home/mar/Development/PyFracVAL/cluster_data/vanilla/sigma_1p25__Df_2p20__N_32/fracval_N32_Df2p20_kf0p80_rpg1p0_rpgstd1p25_agg4_20260731-042715-855596.dat
vanilla,1.25,2.4,32,0.6,1,1538353170,True,32,0.0,0,5.532606373824438,-3.425295030082421,/home/mar/Development/PyFracVAL/cluster_data/vanilla/sigma_1p25__Df_2p40__N_32/fracval_N32_Df2p40_kf0p60_rpg1p0_rpgstd1p25_agg1_20260731-042715-874187.dat
vanilla,1.25,2.4,32,0.6,2,1955060478,True,32,0.0,0,5.00140672188527,-3.144509800776983,/home/mar/Development/PyFracVAL/cluster_data/vanilla/sigma_1p25__Df_2p40__N_32/fracval_N32_Df2p40_kf0p60_rpg1p0_rpgstd1p25_agg2_20260731-042715-902310.dat
vanilla,1.25,2.4,32,0.6,3,2113288239,True,32,0.0,0,4.701969086818367,-3.4059167350179624,/home/mar/Development/PyFracVAL/cluster_data/vanilla/sigma_1p25__Df_2p40__N_32/fracval_N32_Df2p40_kf0p60_rpg1p0_rpgstd1p25_agg3_20260731-042715-912882.dat
vanilla,1.25,2.4,32,0.6,4,780184000,True,32,0.0,0,4.96596562327087,-3.302331672258835,/home/mar/Development/PyFracVAL/cluster_data/vanilla/sigma_1p25__Df_2p40__N_32/fracval_N32_Df2p40_kf0p60_rpg1p0_rpgstd1p25_agg4_20260731-042715-920810.dat
vanilla,1.5,1.4,32,1.8,0,2078932602,True,32,0.0,0,7.57115749836702,-0.08038705499853326,/home/mar/Development/PyFracVAL/cluster_data/vanilla/sigma_1p50__Df_1p40__N_32/fracval_N32_Df1p40_kf1p80_rpg1p0_rpgstd1p50_agg0_20260731-042715-927804.dat
vanilla,1.5,1.4,32,1.8,2,661175020,True,32,0.0,0,7.035805312797478,0.16644886891034255,/home/mar/Development/PyFracVAL/cluster_data/vanilla/sigma_1p50__Df_1p40__N_32/fracval_N32_Df1p40_kf1p80_rpg1p0_rpgstd1p50_agg2_20260731-042715-942048.dat
vanilla,1.5,1.4,32,1.8,3,45594075,True,32,0.0,0,9.204913292820029,-0.1946448328020895,/home/mar/Development/PyFracVAL/cluster_data/vanilla/sigma_1p50__Df_1p40__N_32/fracval_N32_Df1p40_kf1p80_rpg1p0_rpgstd1p50_agg3_20260731-042715-966715.dat
vanilla,1.5,1.4,32,1.8,4,1033054924,True,32,0.0,0,7.387033410626655,-0.3288955224008245,/home/mar/Development/PyFracVAL/cluster_data/vanilla/sigma_1p50__Df_1p40__N_32/fracval_N32_Df1p40_kf1p80_rpg1p0_rpgstd1p50_agg4_20260731-042715-973758.dat
vanilla,1.5,1.4,32,1.8,1,1078482102,True,32,0.0,0,7.732651952652332,-0.18975458834830833,/home/mar/Development/PyFracVAL/cluster_data/vanilla/sigma_1p50__Df_1p40__N_32/fracval_N32_Df1p40_kf1p80_rpg1p0_rpgstd1p50_agg1_20260731-042715-984892.dat
vanilla,1.5,1.6,32,1.0,1,56922135,True,32,0.0,0,7.6392248078233,-2.438594537036143,/home/mar/Development/PyFracVAL/cluster_data/vanilla/sigma_1p50__Df_1p60__N_32/fracval_N32_Df1p60_kf1p00_rpg1p0_rpgstd1p50_agg1_20260731-042715-990220.dat
vanilla,1.5,1.6,32,1.0,0,1898652301,True,32,0.0,0,8.21003696867084,-2.445209972356806,/home/mar/Development/PyFracVAL/cluster_data/vanilla/sigma_1p50__Df_1p60__N_32/fracval_N32_Df1p60_kf1p00_rpg1p0_rpgstd1p50_agg0_20260731-042716-004838.dat
vanilla,1.25,2.6,32,1.2,2,1876892430,True,32,0.0,0,3.8659129626088604,3.8696916299971065,/home/mar/Development/PyFracVAL/cluster_data/vanilla/sigma_1p25__Df_2p60__N_32/fracval_N32_Df2p60_kf1p20_rpg1p0_rpgstd1p25_agg2_20260731-042716-022016.dat
vanilla,1.5,1.6,32,1.0,2,480524017,True,32,0.0,0,9.180949994431531,-2.53754603516693,/home/mar/Development/PyFracVAL/cluster_data/vanilla/sigma_1p50__Df_1p60__N_32/fracval_N32_Df1p60_kf1p00_rpg1p0_rpgstd1p50_agg2_20260731-042716-029688.dat
vanilla,1.5,1.6,32,1.0,3,787669116,True,32,0.0,0,8.659218729026946,-2.8549961109694633,/home/mar/Development/PyFracVAL/cluster_data/vanilla/sigma_1p50__Df_1p60__N_32/fracval_N32_Df1p60_kf1p00_rpg1p0_rpgstd1p50_agg3_20260731-042716-035551.dat
vanilla,1.5,1.8,32,0.6,0,322333436,True,32,0.0,0,9.334382366031459,-4.025621518628203,/home/mar/Development/PyFracVAL/cluster_data/vanilla/sigma_1p50__Df_1p80__N_32/fracval_N32_Df1p80_kf0p60_rpg1p0_rpgstd1p50_agg0_20260731-042716-052087.dat
vanilla,1.5,1.6,32,1.0,4,254689042,True,32,0.0,0,8.779155250647236,-2.4139424384793977,/home/mar/Development/PyFracVAL/cluster_data/vanilla/sigma_1p50__Df_1p60__N_32/fracval_N32_Df1p60_kf1p00_rpg1p0_rpgstd1p50_agg4_20260731-042716-062160.dat
vanilla,1.5,1.8,32,0.6,2,1292762070,True,32,0.0,0,7.908389183844886,-4.9356736010294116,/home/mar/Development/PyFracVAL/cluster_data/vanilla/sigma_1p50__Df_1p80__N_32/fracval_N32_Df1p80_kf0p60_rpg1p0_rpgstd1p50_agg2_20260731-042716-075846.dat
vanilla,1.5,2.0,32,0.8,0,210623366,True,32,0.0,0,5.868586296762778,-3.148982074110412,/home/mar/Development/PyFracVAL/cluster_data/vanilla/sigma_1p50__Df_2p00__N_32/fracval_N32_Df2p00_kf0p80_rpg1p0_rpgstd1p50_agg0_20260731-042716-082513.dat
vanilla,1.5,1.8,32,0.6,3,247382748,True,32,0.0,0,8.411296957662385,-4.1449398485280335,/home/mar/Development/PyFracVAL/cluster_data/vanilla/sigma_1p50__Df_1p80__N_32/fracval_N32_Df1p80_kf0p60_rpg1p0_rpgstd1p50_agg3_20260731-042716-093076.dat
vanilla,1.5,1.8,32,0.6,4,462277788,True,32,0.0,0,9.566995392759765,-4.49412582785005,/home/mar/Development/PyFracVAL/cluster_data/vanilla/sigma_1p50__Df_1p80__N_32/fracval_N32_Df1p80_kf0p60_rpg1p0_rpgstd1p50_agg4_20260731-042716-105347.dat
vanilla,1.5,1.8,32,0.6,1,1742249840,True,32,0.0,0,9.682217982595766,-5.254302971058662,/home/mar/Development/PyFracVAL/cluster_data/vanilla/sigma_1p50__Df_1p80__N_32/fracval_N32_Df1p80_kf0p60_rpg1p0_rpgstd1p50_agg1_20260731-042716-125069.dat
vanilla,1.5,2.0,32,0.8,1,467255741,True,32,0.0,0,5.0778609642104575,-3.002860233581431,/home/mar/Development/PyFracVAL/cluster_data/vanilla/sigma_1p50__Df_2p00__N_32/fracval_N32_Df2p00_kf0p80_rpg1p0_rpgstd1p50_agg1_20260731-042716-216801.dat
vanilla,1.25,2.6,32,1.2,3,1750956874,True,32,0.0,0,3.707750143127526,4.0227127592733165,/home/mar/Development/PyFracVAL/cluster_data/vanilla/sigma_1p25__Df_2p60__N_32/fracval_N32_Df2p60_kf1p20_rpg1p0_rpgstd1p25_agg3_20260731-042716-350491.dat
vanilla,1.5,2.0,32,0.8,2,1526425225,True,32,0.0,0,6.442959137572465,-3.4020841414125287,/home/mar/Development/PyFracVAL/cluster_data/vanilla/sigma_1p50__Df_2p00__N_32/fracval_N32_Df2p00_kf0p80_rpg1p0_rpgstd1p50_agg2_20260731-042716-443958.dat
vanilla,1.5,2.0,32,0.8,3,305507316,True,32,0.0,0,5.9652873736007805,-3.149077330550539,/home/mar/Development/PyFracVAL/cluster_data/vanilla/sigma_1p50__Df_2p00__N_32/fracval_N32_Df2p00_kf0p80_rpg1p0_rpgstd1p50_agg3_20260731-042716-480132.dat
vanilla,1.5,2.2,32,1.2,0,945930813,True,32,0.0,0,4.520542816201541,1.3206826352071614,/home/mar/Development/PyFracVAL/cluster_data/vanilla/sigma_1p50__Df_2p20__N_32/fracval_N32_Df2p20_kf1p20_rpg1p0_rpgstd1p50_agg0_20260731-042716-488215.dat
vanilla,1.5,2.0,32,0.8,4,277153557,True,32,0.0,0,5.841346353512938,-3.0541637232818912,/home/mar/Development/PyFracVAL/cluster_data/vanilla/sigma_1p50__Df_2p00__N_32/fracval_N32_Df2p00_kf0p80_rpg1p0_rpgstd1p50_agg4_20260731-042716-496718.dat
vanilla,1.5,2.2,32,1.2,2,2079456901,True,32,0.0,0,5.075891721395761,1.0662011032977843,/home/mar/Development/PyFracVAL/cluster_data/vanilla/sigma_1p50__Df_2p20__N_32/fracval_N32_Df2p20_kf1p20_rpg1p0_rpgstd1p50_agg2_20260731-042716-501434.dat
vanilla,1.5,2.2,32,1.2,1,1771228517,True,32,0.0,0,5.228207573952851,1.0425982844663428,/home/mar/Development/PyFracVAL/cluster_data/vanilla/sigma_1p50__Df_2p20__N_32/fracval_N32_Df2p20_kf1p20_rpg1p0_rpgstd1p50_agg1_20260731-042716-510270.dat
vanilla,1.5,2.2,32,1.2,3,589726480,True,32,0.0,0,4.231610793109257,1.0324429206643224,/home/mar/Development/PyFracVAL/cluster_data/vanilla/sigma_1p50__Df_2p20__N_32/fracval_N32_Df2p20_kf1p20_rpg1p0_rpgstd1p50_agg3_20260731-042716-515529.dat
vanilla,1.5,2.2,32,1.2,4,1046934734,True,32,0.0,0,4.514538029137042,1.367837005182726,/home/mar/Development/PyFracVAL/cluster_data/vanilla/sigma_1p50__Df_2p20__N_32/fracval_N32_Df2p20_kf1p20_rpg1p0_rpgstd1p50_agg4_20260731-042716-535619.dat
vanilla,1.5,2.4,32,0.6,1,102514539,True,32,0.0,0,5.031156175306521,-4.838093885751273,/home/mar/Development/PyFracVAL/cluster_data/vanilla/sigma_1p50__Df_2p40__N_32/fracval_N32_Df2p40_kf0p60_rpg1p0_rpgstd1p50_agg1_20260731-042716-540759.dat
vanilla,1.5,2.4,32,0.6,0,443619792,True,32,0.0,0,4.927028252721016,-4.035420892322401,/home/mar/Development/PyFracVAL/cluster_data/vanilla/sigma_1p50__Df_2p40__N_32/fracval_N32_Df2p40_kf0p60_rpg1p0_rpgstd1p50_agg0_20260731-042716-546126.dat
vanilla,1.5,2.4,32,0.6,3,737187520,True,32,0.0,0,5.6046233937119485,-3.1077308721319854,/home/mar/Development/PyFracVAL/cluster_data/vanilla/sigma_1p50__Df_2p40__N_32/fracval_N32_Df2p40_kf0p60_rpg1p0_rpgstd1p50_agg3_20260731-042716-552530.dat
vanilla,1.5,2.4,32,0.6,4,1797374879,True,32,0.0,0,5.1266246851761474,-4.557189350844565,/home/mar/Development/PyFracVAL/cluster_data/vanilla/sigma_1p50__Df_2p40__N_32/fracval_N32_Df2p40_kf0p60_rpg1p0_rpgstd1p50_agg4_20260731-042716-574072.dat
vanilla,1.5,2.4,32,0.6,2,1500835992,True,32,0.0,0,4.906371290057453,-3.665451738958085,/home/mar/Development/PyFracVAL/cluster_data/vanilla/sigma_1p50__Df_2p40__N_32/fracval_N32_Df2p40_kf0p60_rpg1p0_rpgstd1p50_agg2_20260731-042716-579290.dat
vanilla,1.5,2.6,32,0.6,0,135360136,True,32,0.0,0,4.000580875706702,-3.21747634731112,/home/mar/Development/PyFracVAL/cluster_data/vanilla/sigma_1p50__Df_2p60__N_32/fracval_N32_Df2p60_kf0p60_rpg1p0_rpgstd1p50_agg0_20260731-042716-586199.dat
vanilla,1.5,2.6,32,0.6,2,312293824,True,32,0.0,0,5.069175948418978,-2.489261789883687,/home/mar/Development/PyFracVAL/cluster_data/vanilla/sigma_1p50__Df_2p60__N_32/fracval_N32_Df2p60_kf0p60_rpg1p0_rpgstd1p50_agg2_20260731-042716-592620.dat
vanilla,1.5,2.6,32,0.6,1,394114863,True,32,0.0,0,4.328911464434729,-3.001287754096865,/home/mar/Development/PyFracVAL/cluster_data/vanilla/sigma_1p50__Df_2p60__N_32/fracval_N32_Df2p60_kf0p60_rpg1p0_rpgstd1p50_agg1_20260731-042716-596386.dat
vanilla,1.5,2.6,32,0.6,4,1040869535,True,32,0.0,0,4.117067902748236,-2.811692669660882,/home/mar/Development/PyFracVAL/cluster_data/vanilla/sigma_1p50__Df_2p60__N_32/fracval_N32_Df2p60_kf0p60_rpg1p0_rpgstd1p50_agg4_20260731-042716-602967.dat
vanilla,1.5,2.6,32,0.6,3,792625218,True,32,0.0,0,4.500306350367785,-2.511047630032264,/home/mar/Development/PyFracVAL/cluster_data/vanilla/sigma_1p50__Df_2p60__N_32/fracval_N32_Df2p60_kf0p60_rpg1p0_rpgstd1p50_agg3_20260731-042716-611063.dat
vanilla,1.0,1.6,64,1.4,0,656990985,True,64,0.0,0,10.856364778463965,-0.4246214917716323,/home/mar/Development/PyFracVAL/cluster_data/vanilla/sigma_1p00__Df_1p60__N_64/fracval_N64_Df1p60_kf1p40_rpg1p0_rpgstd1p00_agg0_20260731-042716-616543.dat
vanilla,1.0,1.6,64,1.4,1,1070233423,True,64,0.0,0,10.856364778463965,-0.4246214917716323,/home/mar/Development/PyFracVAL/cluster_data/vanilla/sigma_1p00__Df_1p60__N_64/fracval_N64_Df1p60_kf1p40_rpg1p0_rpgstd1p00_agg1_20260731-042716-624663.dat
vanilla,1.0,1.6,64,1.4,2,1618199557,True,64,0.0,0,10.856364778463963,-0.4246214917716486,/home/mar/Development/PyFracVAL/cluster_data/vanilla/sigma_1p00__Df_1p60__N_64/fracval_N64_Df1p60_kf1p40_rpg1p0_rpgstd1p00_agg2_20260731-042716-630132.dat
vanilla,1.0,1.6,64,1.4,3,1090256577,True,64,0.0,0,10.856364778463965,-0.4246214917716323,/home/mar/Development/PyFracVAL/cluster_data/vanilla/sigma_1p00__Df_1p60__N_64/fracval_N64_Df1p60_kf1p40_rpg1p0_rpgstd1p00_agg3_20260731-042716-637700.dat
vanilla,1.0,1.6,64,1.4,4,2105838496,True,64,0.0,0,10.856364778463965,-0.4246214917716323,/home/mar/Development/PyFracVAL/cluster_data/vanilla/sigma_1p00__Df_1p60__N_64/fracval_N64_Df1p60_kf1p40_rpg1p0_rpgstd1p00_agg4_20260731-042716-644544.dat
vanilla,1.25,2.6,32,1.2,0,1469640935,True,32,0.0,0,3.826736766705535,4.222518176064203,/home/mar/Development/PyFracVAL/cluster_data/vanilla/sigma_1p25__Df_2p60__N_32/fracval_N32_Df2p60_kf1p20_rpg1p0_rpgstd1p25_agg0_20260731-042716-672962.dat
vanilla,1.0,1.8,64,1.8,0,560534904,True,64,0.0,0,7.358960744172221,1.204826744794025,/home/mar/Development/PyFracVAL/cluster_data/vanilla/sigma_1p00__Df_1p80__N_64/fracval_N64_Df1p80_kf1p80_rpg1p0_rpgstd1p00_agg0_20260731-042716-846157.dat
vanilla,1.0,1.8,64,1.8,1,968041090,True,64,0.0,0,7.3589607441722205,1.2048267447940129,/home/mar/Development/PyFracVAL/cluster_data/vanilla/sigma_1p00__Df_1p80__N_64/fracval_N64_Df1p80_kf1p80_rpg1p0_rpgstd1p00_agg1_20260731-042716-997178.dat
vanilla,1.0,1.8,64,1.8,2,295920383,True,64,0.0,0,7.358960744172221,1.204826744794025,/home/mar/Development/PyFracVAL/cluster_data/vanilla/sigma_1p00__Df_1p80__N_64/fracval_N64_Df1p80_kf1p80_rpg1p0_rpgstd1p00_agg2_20260731-042717-021362.dat
vanilla,1.0,1.8,64,1.8,3,1902692217,True,64,0.0,0,7.358960744172221,1.204826744794025,/home/mar/Development/PyFracVAL/cluster_data/vanilla/sigma_1p00__Df_1p80__N_64/fracval_N64_Df1p80_kf1p80_rpg1p0_rpgstd1p00_agg3_20260731-042717-138329.dat
vanilla,1.0,1.8,64,1.8,4,1295696489,True,64,0.0,0,7.358960744172221,1.204826744794025,/home/mar/Development/PyFracVAL/cluster_data/vanilla/sigma_1p00__Df_1p80__N_64/fracval_N64_Df1p80_kf1p80_rpg1p0_rpgstd1p00_agg4_20260731-042717-155492.dat
vanilla,1.0,2.0,64,0.6,1,1389659600,True,64,0.0,0,10.093601616853173,-2.2691225866885136,/home/mar/Development/PyFracVAL/cluster_data/vanilla/sigma_1p00__Df_2p00__N_64/fracval_N64_Df2p00_kf0p60_rpg1p0_rpgstd1p00_agg1_20260731-042717-194829.dat
vanilla,1.0,2.0,64,0.6,0,561786766,True,64,0.0,0,10.093601616853176,-2.269122586688479,/home/mar/Development/PyFracVAL/cluster_data/vanilla/sigma_1p00__Df_2p00__N_64/fracval_N64_Df2p00_kf0p60_rpg1p0_rpgstd1p00_agg0_20260731-042717-260528.dat
vanilla,1.0,2.0,64,0.6,2,17281484,True,64,0.0,0,10.093601616853174,-2.2691225866884963,/home/mar/Development/PyFracVAL/cluster_data/vanilla/sigma_1p00__Df_2p00__N_64/fracval_N64_Df2p00_kf0p60_rpg1p0_rpgstd1p00_agg2_20260731-042717-355400.dat
vanilla,1.0,2.0,64,0.6,3,183802860,True,64,0.0,0,10.093601616853174,-2.2691225866884963,/home/mar/Development/PyFracVAL/cluster_data/vanilla/sigma_1p00__Df_2p00__N_64/fracval_N64_Df2p00_kf0p60_rpg1p0_rpgstd1p00_agg3_20260731-042717-397152.dat
vanilla,1.0,2.0,64,0.6,4,943045901,True,64,0.0,0,10.093601616853174,-2.2691225866884963,/home/mar/Development/PyFracVAL/cluster_data/vanilla/sigma_1p00__Df_2p00__N_64/fracval_N64_Df2p00_kf0p60_rpg1p0_rpgstd1p00_agg4_20260731-042717-403314.dat
vanilla,1.0,2.2,64,1.8,0,1376569150,True,64,0.0,0,5.270160652108709,3.959914526317332,/home/mar/Development/PyFracVAL/cluster_data/vanilla/sigma_1p00__Df_2p20__N_64/fracval_N64_Df2p20_kf1p80_rpg1p0_rpgstd1p00_agg0_20260731-042717-413087.dat
vanilla,1.0,2.2,64,1.8,1,362190980,True,64,0.0,0,5.27016065210871,3.959914526317349,/home/mar/Development/PyFracVAL/cluster_data/vanilla/sigma_1p00__Df_2p20__N_64/fracval_N64_Df2p20_kf1p80_rpg1p0_rpgstd1p00_agg1_20260731-042717-425502.dat
vanilla,1.0,2.2,64,1.8,2,250847839,True,64,0.0,0,5.270160652108709,3.959914526317332,/home/mar/Development/PyFracVAL/cluster_data/vanilla/sigma_1p00__Df_2p20__N_64/fracval_N64_Df2p20_kf1p80_rpg1p0_rpgstd1p00_agg2_20260731-042717-582326.dat
vanilla,1.0,2.4,64,0.6,0,1654652379,True,64,0.0,0,6.877175570608181,-1.7351617478244565,/home/mar/Development/PyFracVAL/cluster_data/vanilla/sigma_1p00__Df_2p40__N_64/fracval_N64_Df2p40_kf0p60_rpg1p0_rpgstd1p00_agg0_20260731-042717-632346.dat
vanilla,1.0,2.2,64,1.8,3,241483759,True,64,0.0,0,5.27016065210871,3.959914526317349,/home/mar/Development/PyFracVAL/cluster_data/vanilla/sigma_1p00__Df_2p20__N_64/fracval_N64_Df2p20_kf1p80_rpg1p0_rpgstd1p00_agg3_20260731-042717-639188.dat
vanilla,1.0,2.4,64,0.6,1,1320582952,True,64,0.0,0,6.877175570608181,-1.7351617478244565,/home/mar/Development/PyFracVAL/cluster_data/vanilla/sigma_1p00__Df_2p40__N_64/fracval_N64_Df2p40_kf0p60_rpg1p0_rpgstd1p00_agg1_20260731-042717-875538.dat
vanilla,1.0,2.4,64,0.6,2,383542460,True,64,0.0,0,6.877175570608181,-1.7351617478244565,/home/mar/Development/PyFracVAL/cluster_data/vanilla/sigma_1p00__Df_2p40__N_64/fracval_N64_Df2p40_kf0p60_rpg1p0_rpgstd1p00_agg2_20260731-042717-881035.dat
vanilla,1.0,2.4,64,0.6,4,468865889,True,64,0.0,0,6.877175570608181,-1.7351617478244565,/home/mar/Development/PyFracVAL/cluster_data/vanilla/sigma_1p00__Df_2p40__N_64/fracval_N64_Df2p40_kf0p60_rpg1p0_rpgstd1p00_agg4_20260731-042717-885738.dat
vanilla,1.0,2.4,64,0.6,3,1656680746,True,64,0.0,0,6.877175570608181,-1.7351617478244565,/home/mar/Development/PyFracVAL/cluster_data/vanilla/sigma_1p00__Df_2p40__N_64/fracval_N64_Df2p40_kf0p60_rpg1p0_rpgstd1p00_agg3_20260731-042717-893110.dat
vanilla,1.0,2.2,64,1.8,4,1996515373,True,64,0.0,0,5.270160652108708,3.9599145263173137,/home/mar/Development/PyFracVAL/cluster_data/vanilla/sigma_1p00__Df_2p20__N_64/fracval_N64_Df2p20_kf1p80_rpg1p0_rpgstd1p00_agg4_20260731-042717-916070.dat
vanilla,1.25,1.4,64,1.8,0,847860520,True,64,0.0,0,12.973556829013658,-0.1504188598391667,/home/mar/Development/PyFracVAL/cluster_data/vanilla/sigma_1p25__Df_1p40__N_64/fracval_N64_Df1p40_kf1p80_rpg1p0_rpgstd1p25_agg0_20260731-042717-924664.dat
vanilla,1.25,1.4,64,1.8,2,480810281,True,64,0.0,0,13.240803517181872,-0.16140241229656696,/home/mar/Development/PyFracVAL/cluster_data/vanilla/sigma_1p25__Df_1p40__N_64/fracval_N64_Df1p40_kf1p80_rpg1p0_rpgstd1p25_agg2_20260731-042717-930473.dat
vanilla,1.25,1.4,64,1.8,1,838873294,True,64,0.0,0,13.003525984352294,-0.20098975804807048,/home/mar/Development/PyFracVAL/cluster_data/vanilla/sigma_1p25__Df_1p40__N_64/fracval_N64_Df1p40_kf1p80_rpg1p0_rpgstd1p25_agg1_20260731-042717-943412.dat
vanilla,1.0,2.6,64,1.2,1,1991564582,True,64,0.0,0,4.787348946646844,3.720548340626516,/home/mar/Development/PyFracVAL/cluster_data/vanilla/sigma_1p00__Df_2p60__N_64/fracval_N64_Df2p60_kf1p20_rpg1p0_rpgstd1p00_agg1_20260731-042717-949647.dat
vanilla,1.25,1.4,64,1.8,3,669277600,True,64,0.0,0,12.992006286586818,-0.18062672704482294,/home/mar/Development/PyFracVAL/cluster_data/vanilla/sigma_1p25__Df_1p40__N_64/fracval_N64_Df1p40_kf1p80_rpg1p0_rpgstd1p25_agg3_20260731-042717-964294.dat
vanilla,1.25,1.4,64,1.8,4,1475514942,True,64,0.0,0,12.859325480356873,-0.18500975028955371,/home/mar/Development/PyFracVAL/cluster_data/vanilla/sigma_1p25__Df_1p40__N_64/fracval_N64_Df1p40_kf1p80_rpg1p0_rpgstd1p25_agg4_20260731-042717-999262.dat
vanilla,1.25,1.6,64,1.2,0,2093462124,True,64,0.0,0,11.520589555886442,-0.8971240552836709,/home/mar/Development/PyFracVAL/cluster_data/vanilla/sigma_1p25__Df_1p60__N_64/fracval_N64_Df1p60_kf1p20_rpg1p0_rpgstd1p25_agg0_20260731-042718-004538.dat
vanilla,1.25,1.6,64,1.2,1,1214894304,True,64,0.0,0,11.747422427984965,-0.9596505354040308,/home/mar/Development/PyFracVAL/cluster_data/vanilla/sigma_1p25__Df_1p60__N_64/fracval_N64_Df1p60_kf1p20_rpg1p0_rpgstd1p25_agg1_20260731-042718-012976.dat
vanilla,1.25,1.6,64,1.2,2,2092264694,True,64,0.0,0,11.609322173440518,-0.8185808966966422,/home/mar/Development/PyFracVAL/cluster_data/vanilla/sigma_1p25__Df_1p60__N_64/fracval_N64_Df1p60_kf1p20_rpg1p0_rpgstd1p25_agg2_20260731-042718-024376.dat
vanilla,1.25,1.6,64,1.2,3,1948518810,True,64,0.0,0,12.576041003534785,-0.8776542819701234,/home/mar/Development/PyFracVAL/cluster_data/vanilla/sigma_1p25__Df_1p60__N_64/fracval_N64_Df1p60_kf1p20_rpg1p0_rpgstd1p25_agg3_20260731-042718-036292.dat
vanilla,1.25,1.6,64,1.2,4,1695515715,True,64,0.0,0,12.379473243153086,-0.8839246312269211,/home/mar/Development/PyFracVAL/cluster_data/vanilla/sigma_1p25__Df_1p60__N_64/fracval_N64_Df1p60_kf1p20_rpg1p0_rpgstd1p25_agg4_20260731-042718-052048.dat
vanilla,1.25,1.8,64,1.4,0,975022448,True,64,0.0,0,8.44104459449212,-0.06811038683401172,/home/mar/Development/PyFracVAL/cluster_data/vanilla/sigma_1p25__Df_1p80__N_64/fracval_N64_Df1p80_kf1p40_rpg1p0_rpgstd1p25_agg0_20260731-042718-074634.dat
vanilla,1.0,2.6,64,1.2,4,1946635766,True,64,0.0,0,4.787348946646843,3.720548340626497,/home/mar/Development/PyFracVAL/cluster_data/vanilla/sigma_1p00__Df_2p60__N_64/fracval_N64_Df2p60_kf1p20_rpg1p0_rpgstd1p00_agg4_20260731-042718-132294.dat
vanilla,1.25,1.8,64,1.4,1,580275491,True,64,0.0,0,8.417364758763695,-0.1310176628566727,/home/mar/Development/PyFracVAL/cluster_data/vanilla/sigma_1p25__Df_1p80__N_64/fracval_N64_Df1p80_kf1p40_rpg1p0_rpgstd1p25_agg1_20260731-042718-171260.dat
vanilla,1.25,1.8,64,1.4,2,503301011,True,64,0.0,0,8.206931980341935,-0.18067058032849753,/home/mar/Development/PyFracVAL/cluster_data/vanilla/sigma_1p25__Df_1p80__N_64/fracval_N64_Df1p80_kf1p40_rpg1p0_rpgstd1p25_agg2_20260731-042718-405590.dat
vanilla,1.25,1.8,64,1.4,3,161113477,True,64,0.0,0,8.368030821579286,0.0009292738094086928,/home/mar/Development/PyFracVAL/cluster_data/vanilla/sigma_1p25__Df_1p80__N_64/fracval_N64_Df1p80_kf1p40_rpg1p0_rpgstd1p25_agg3_20260731-042718-451949.dat
vanilla,1.25,1.8,64,1.4,4,1265696000,True,64,0.0,0,8.41141510215256,0.027421058828351885,/home/mar/Development/PyFracVAL/cluster_data/vanilla/sigma_1p25__Df_1p80__N_64/fracval_N64_Df1p80_kf1p40_rpg1p0_rpgstd1p25_agg4_20260731-042718-468237.dat
vanilla,1.25,2.0,64,1.4,0,2084966354,True,64,0.0,0,7.093968551117866,0.8485550063148181,/home/mar/Development/PyFracVAL/cluster_data/vanilla/sigma_1p25__Df_2p00__N_64/fracval_N64_Df2p00_kf1p40_rpg1p0_rpgstd1p25_agg0_20260731-042718-480447.dat
vanilla,1.25,2.0,64,1.4,2,800232245,True,64,0.0,0,6.569303423667678,0.5865244322531237,/home/mar/Development/PyFracVAL/cluster_data/vanilla/sigma_1p25__Df_2p00__N_64/fracval_N64_Df2p00_kf1p40_rpg1p0_rpgstd1p25_agg2_20260731-042718-489985.dat
vanilla,1.25,2.0,64,1.4,3,1316524951,True,64,0.0,0,7.002651701954766,0.8595233439945918,/home/mar/Development/PyFracVAL/cluster_data/vanilla/sigma_1p25__Df_2p00__N_64/fracval_N64_Df2p00_kf1p40_rpg1p0_rpgstd1p25_agg3_20260731-042718-496173.dat
vanilla,1.25,2.0,64,1.4,1,98775472,True,64,0.0,0,6.815349627611294,0.7007647336347755,/home/mar/Development/PyFracVAL/cluster_data/vanilla/sigma_1p25__Df_2p00__N_64/fracval_N64_Df2p00_kf1p40_rpg1p0_rpgstd1p25_agg1_20260731-042718-523071.dat
vanilla,1.25,2.0,64,1.4,4,1781116256,True,64,0.0,0,6.881470797216157,0.557932584202178,/home/mar/Development/PyFracVAL/cluster_data/vanilla/sigma_1p25__Df_2p00__N_64/fracval_N64_Df2p00_kf1p40_rpg1p0_rpgstd1p25_agg4_20260731-042718-533996.dat
vanilla,1.25,2.2,64,1.6,1,1012616419,True,64,0.0,0,5.470527338733956,3.150009233794229,/home/mar/Development/PyFracVAL/cluster_data/vanilla/sigma_1p25__Df_2p20__N_64/fracval_N64_Df2p20_kf1p60_rpg1p0_rpgstd1p25_agg1_20260731-042718-554953.dat
vanilla,1.25,2.2,64,1.6,0,1058335912,True,64,0.0,0,5.491089101706854,2.7588882700702824,/home/mar/Development/PyFracVAL/cluster_data/vanilla/sigma_1p25__Df_2p20__N_64/fracval_N64_Df2p20_kf1p60_rpg1p0_rpgstd1p25_agg0_20260731-042718-672961.dat
vanilla,1.0,2.6,64,1.2,0,837951294,True,64,0.0,0,4.787348946646845,3.7205483406265354,/home/mar/Development/PyFracVAL/cluster_data/vanilla/sigma_1p00__Df_2p60__N_64/fracval_N64_Df2p60_kf1p20_rpg1p0_rpgstd1p00_agg0_20260731-042718-679248.dat
vanilla,1.25,2.2,64,1.6,2,247500502,True,64,0.0,0,5.373223202630096,2.7524374210002525,/home/mar/Development/PyFracVAL/cluster_data/vanilla/sigma_1p25__Df_2p20__N_64/fracval_N64_Df2p20_kf1p60_rpg1p0_rpgstd1p25_agg2_20260731-042718-696518.dat
vanilla,1.25,2.2,64,1.6,4,225278887,True,64,0.0,0,5.544933371233825,2.9325960747419217,/home/mar/Development/PyFracVAL/cluster_data/vanilla/sigma_1p25__Df_2p20__N_64/fracval_N64_Df2p20_kf1p60_rpg1p0_rpgstd1p25_agg4_20260731-042718-827242.dat
vanilla,1.25,2.2,64,1.6,3,1278657316,True,64,0.0,0,5.30644952368453,3.004730506894262,/home/mar/Development/PyFracVAL/cluster_data/vanilla/sigma_1p25__Df_2p20__N_64/fracval_N64_Df2p20_kf1p60_rpg1p0_rpgstd1p25_agg3_20260731-042718-904352.dat
vanilla,1.25,2.4,64,1.2,0,853848837,True,64,0.0,0,5.537329485973782,1.880544505276914,/home/mar/Development/PyFracVAL/cluster_data/vanilla/sigma_1p25__Df_2p40__N_64/fracval_N64_Df2p40_kf1p20_rpg1p0_rpgstd1p25_agg0_20260731-042718-917969.dat
vanilla,1.25,2.4,64,1.2,1,811622215,True,64,0.0,0,5.178156859234466,2.1638961823511202,/home/mar/Development/PyFracVAL/cluster_data/vanilla/sigma_1p25__Df_2p40__N_64/fracval_N64_Df2p40_kf1p20_rpg1p0_rpgstd1p25_agg1_20260731-042718-925283.dat
vanilla,1.25,2.4,64,1.2,3,1471991766,True,64,0.0,0,5.391086822014608,2.2145739847623225,/home/mar/Development/PyFracVAL/cluster_data/vanilla/sigma_1p25__Df_2p40__N_64/fracval_N64_Df2p40_kf1p20_rpg1p0_rpgstd1p25_agg3_20260731-042718-945436.dat
vanilla,1.25,2.4,64,1.2,4,118169930,True,64,0.0,0,5.239582434426083,2.1328161032320927,/home/mar/Development/PyFracVAL/cluster_data/vanilla/sigma_1p25__Df_2p40__N_64/fracval_N64_Df2p40_kf1p20_rpg1p0_rpgstd1p25_agg4_20260731-042718-969759.dat
vanilla,1.25,2.4,64,1.2,2,832363102,True,64,0.0,0,5.278949328969253,2.3112038933329986,/home/mar/Development/PyFracVAL/cluster_data/vanilla/sigma_1p25__Df_2p40__N_64/fracval_N64_Df2p40_kf1p20_rpg1p0_rpgstd1p25_agg2_20260731-042718-984293.dat
vanilla,1.5,1.4,64,1.8,1,1566897018,True,64,0.0,0,13.594119680664308,-0.20292653487460482,/home/mar/Development/PyFracVAL/cluster_data/vanilla/sigma_1p50__Df_1p40__N_64/fracval_N64_Df1p40_kf1p80_rpg1p0_rpgstd1p50_agg1_20260731-042718-996827.dat
vanilla,1.5,1.4,64,1.8,0,990209318,True,64,0.0,0,13.311055639000093,-0.17067839593254483,/home/mar/Development/PyFracVAL/cluster_data/vanilla/sigma_1p50__Df_1p40__N_64/fracval_N64_Df1p40_kf1p80_rpg1p0_rpgstd1p50_agg0_20260731-042719-015936.dat
vanilla,1.5,1.4,64,1.8,2,606258353,True,64,0.0,0,12.156327652054678,-0.1656536131615818,/home/mar/Development/PyFracVAL/cluster_data/vanilla/sigma_1p50__Df_1p40__N_64/fracval_N64_Df1p40_kf1p80_rpg1p0_rpgstd1p50_agg2_20260731-042719-026187.dat
vanilla,1.5,1.4,64,1.8,3,1937361816,True,64,0.0,0,13.207454551687428,-0.24366087891041854,/home/mar/Development/PyFracVAL/cluster_data/vanilla/sigma_1p50__Df_1p40__N_64/fracval_N64_Df1p40_kf1p80_rpg1p0_rpgstd1p50_agg3_20260731-042719-047572.dat
vanilla,1.5,1.6,64,1.8,0,765607481,True,64,0.0,0,9.371130557774997,0.338537435290896,/home/mar/Development/PyFracVAL/cluster_data/vanilla/sigma_1p50__Df_1p60__N_64/fracval_N64_Df1p60_kf1p80_rpg1p0_rpgstd1p50_agg0_20260731-042719-060396.dat
vanilla,1.5,1.4,64,1.8,4,1354782735,True,64,0.0,0,13.217066487291882,-0.16334709464033945,/home/mar/Development/PyFracVAL/cluster_data/vanilla/sigma_1p50__Df_1p40__N_64/fracval_N64_Df1p40_kf1p80_rpg1p0_rpgstd1p50_agg4_20260731-042719-080858.dat
vanilla,1.5,1.6,64,1.8,1,1732210202,True,64,0.0,0,9.747152744648872,0.3765253826261533,/home/mar/Development/PyFracVAL/cluster_data/vanilla/sigma_1p50__Df_1p60__N_64/fracval_N64_Df1p60_kf1p80_rpg1p0_rpgstd1p50_agg1_20260731-042719-113981.dat
vanilla,1.5,1.6,64,1.8,2,738139690,True,64,0.0,0,9.129833365484966,0.2621662885283965,/home/mar/Development/PyFracVAL/cluster_data/vanilla/sigma_1p50__Df_1p60__N_64/fracval_N64_Df1p60_kf1p80_rpg1p0_rpgstd1p50_agg2_20260731-042719-123477.dat
vanilla,1.5,1.6,64,1.8,4,632079336,True,64,0.0,0,10.00880280691127,0.28097968406807355,/home/mar/Development/PyFracVAL/cluster_data/vanilla/sigma_1p50__Df_1p60__N_64/fracval_N64_Df1p60_kf1p80_rpg1p0_rpgstd1p50_agg4_20260731-042719-138792.dat
vanilla,1.5,1.6,64,1.8,3,1184417234,True,64,0.0,0,9.246337454292501,0.21320453273279777,/home/mar/Development/PyFracVAL/cluster_data/vanilla/sigma_1p50__Df_1p60__N_64/fracval_N64_Df1p60_kf1p80_rpg1p0_rpgstd1p50_agg3_20260731-042719-150076.dat
vanilla,1.5,1.8,64,1.2,2,815570147,True,64,0.0,0,9.651066851121637,-0.8459732506316215,/home/mar/Development/PyFracVAL/cluster_data/vanilla/sigma_1p50__Df_1p80__N_64/fracval_N64_Df1p80_kf1p20_rpg1p0_rpgstd1p50_agg2_20260731-042719-182898.dat
vanilla,1.5,1.8,64,1.2,1,244906547,True,64,0.0,0,9.188699391843159,-0.7667829064679714,/home/mar/Development/PyFracVAL/cluster_data/vanilla/sigma_1p50__Df_1p80__N_64/fracval_N64_Df1p80_kf1p20_rpg1p0_rpgstd1p50_agg1_20260731-042719-307002.dat
vanilla,1.5,1.8,64,1.2,4,251944832,True,64,0.0,0,10.151517147793761,-0.7061340550578201,/home/mar/Development/PyFracVAL/cluster_data/vanilla/sigma_1p50__Df_1p80__N_64/fracval_N64_Df1p80_kf1p20_rpg1p0_rpgstd1p50_agg4_20260731-042719-316531.dat
vanilla,1.5,1.8,64,1.2,3,1172418393,True,64,0.0,0,8.678894328585438,-0.8947246063755752,/home/mar/Development/PyFracVAL/cluster_data/vanilla/sigma_1p50__Df_1p80__N_64/fracval_N64_Df1p80_kf1p20_rpg1p0_rpgstd1p50_agg3_20260731-042719-326753.dat
vanilla,1.5,1.8,64,1.2,0,498462768,True,64,0.0,0,9.511863233442655,-0.6940666764717338,/home/mar/Development/PyFracVAL/cluster_data/vanilla/sigma_1p50__Df_1p80__N_64/fracval_N64_Df1p80_kf1p20_rpg1p0_rpgstd1p50_agg0_20260731-042719-347114.dat
vanilla,1.5,2.0,64,1.6,1,296981941,True,64,0.0,0,6.7850980094376885,1.7785194422684736,/home/mar/Development/PyFracVAL/cluster_data/vanilla/sigma_1p50__Df_2p00__N_64/fracval_N64_Df2p00_kf1p60_rpg1p0_rpgstd1p50_agg1_20260731-042719-364663.dat
vanilla,1.5,2.0,64,1.6,0,753872434,True,64,0.0,0,6.127463466205914,1.85342747318477,/home/mar/Development/PyFracVAL/cluster_data/vanilla/sigma_1p50__Df_2p00__N_64/fracval_N64_Df2p00_kf1p60_rpg1p0_rpgstd1p50_agg0_20260731-042719-377418.dat
vanilla,1.5,2.0,64,1.6,2,1463782268,True,64,0.0,0,6.573128658322858,1.6073099396702706,/home/mar/Development/PyFracVAL/cluster_data/vanilla/sigma_1p50__Df_2p00__N_64/fracval_N64_Df2p00_kf1p60_rpg1p0_rpgstd1p50_agg2_20260731-042719-391160.dat
vanilla,1.5,2.2,64,0.6,2,1776250783,True,64,0.0,0,8.682422793064598,-2.762042690051049,/home/mar/Development/PyFracVAL/cluster_data/vanilla/sigma_1p50__Df_2p20__N_64/fracval_N64_Df2p20_kf0p60_rpg1p0_rpgstd1p50_agg2_20260731-042719-404706.dat
vanilla,1.5,2.0,64,1.6,4,1842393044,True,64,0.0,0,6.432275749089431,1.756497578195379,/home/mar/Development/PyFracVAL/cluster_data/vanilla/sigma_1p50__Df_2p00__N_64/fracval_N64_Df2p00_kf1p60_rpg1p0_rpgstd1p50_agg4_20260731-042719-428967.dat
vanilla,1.5,2.2,64,0.6,0,520436323,True,64,0.0,0,8.312633962657037,-2.5214083242471186,/home/mar/Development/PyFracVAL/cluster_data/vanilla/sigma_1p50__Df_2p20__N_64/fracval_N64_Df2p20_kf0p60_rpg1p0_rpgstd1p50_agg0_20260731-042719-474967.dat
vanilla,1.5,2.0,64,1.6,3,235476972,True,64,0.0,0,6.295110038792953,1.8769720352226078,/home/mar/Development/PyFracVAL/cluster_data/vanilla/sigma_1p50__Df_2p00__N_64/fracval_N64_Df2p00_kf1p60_rpg1p0_rpgstd1p50_agg3_20260731-042719-493951.dat
vanilla,1.5,2.2,64,0.6,1,906944870,True,64,0.0,0,8.028173584600765,-2.5371773268486413,/home/mar/Development/PyFracVAL/cluster_data/vanilla/sigma_1p50__Df_2p20__N_64/fracval_N64_Df2p20_kf0p60_rpg1p0_rpgstd1p50_agg1_20260731-042719-505953.dat
vanilla,1.5,2.2,64,0.6,3,798819335,True,64,0.0,0,8.576830767815002,-2.5208454188055365,/home/mar/Development/PyFracVAL/cluster_data/vanilla/sigma_1p50__Df_2p20__N_64/fracval_N64_Df2p20_kf0p60_rpg1p0_rpgstd1p50_agg3_20260731-042719-523549.dat
vanilla,1.5,2.2,64,0.6,4,791317977,True,64,0.0,0,8.336805330618706,-2.411970530952392,/home/mar/Development/PyFracVAL/cluster_data/vanilla/sigma_1p50__Df_2p20__N_64/fracval_N64_Df2p20_kf0p60_rpg1p0_rpgstd1p50_agg4_20260731-042719-536931.dat
vanilla,1.5,2.6,64,0.8,1,789665102,True,64,0.0,0,5.68166846605228,0.5529896691158349,/home/mar/Development/PyFracVAL/cluster_data/vanilla/sigma_1p50__Df_2p60__N_64/fracval_N64_Df2p60_kf0p80_rpg1p0_rpgstd1p50_agg1_20260731-042719-556502.dat
vanilla,1.0,1.6,128,1.2,4,35685034,True,128,0.0,0,18.337165110022898,-0.9591763972511771,/home/mar/Development/PyFracVAL/cluster_data/vanilla/sigma_1p00__Df_1p60__N_128/fracval_N128_Df1p60_kf1p20_rpg1p0_rpgstd1p00_agg4_20260731-042719-569220.dat
vanilla,1.0,1.8,128,1.8,2,2088148369,True,128,0.0,0,10.814945444756114,1.197593740070438,/home/mar/Development/PyFracVAL/cluster_data/vanilla/sigma_1p00__Df_1p80__N_128/fracval_N128_Df1p80_kf1p80_rpg1p0_rpgstd1p00_agg2_20260731-042719-633828.dat
vanilla,1.5,2.6,64,0.8,0,225527890,True,64,0.0,0,5.595441155771945,0.9283166592193421,/home/mar/Development/PyFracVAL/cluster_data/vanilla/sigma_1p50__Df_2p60__N_64/fracval_N64_Df2p60_kf0p80_rpg1p0_rpgstd1p50_agg0_20260731-042719-662701.dat
vanilla,1.0,1.8,128,1.8,3,855782414,True,128,0.0,0,10.814945444756116,1.1975937400704546,/home/mar/Development/PyFracVAL/cluster_data/vanilla/sigma_1p00__Df_1p80__N_128/fracval_N128_Df1p80_kf1p80_rpg1p0_rpgstd1p00_agg3_20260731-042719-790938.dat
vanilla,1.0,1.8,128,1.8,0,208666588,True,128,0.0,0,10.814945444756116,1.1975937400704546,/home/mar/Development/PyFracVAL/cluster_data/vanilla/sigma_1p00__Df_1p80__N_128/fracval_N128_Df1p80_kf1p80_rpg1p0_rpgstd1p00_agg0_20260731-042719-814485.dat
vanilla,1.5,2.6,64,0.8,3,490130424,True,64,0.0,0,5.509520773372272,0.6409828915913488,/home/mar/Development/PyFracVAL/cluster_data/vanilla/sigma_1p50__Df_2p60__N_64/fracval_N64_Df2p60_kf0p80_rpg1p0_rpgstd1p50_agg3_20260731-042719-831757.dat
vanilla,1.0,2.0,128,1.2,2,1648595889,True,128,0.0,0,10.376482641407213,0.46986115595121025,/home/mar/Development/PyFracVAL/cluster_data/vanilla/sigma_1p00__Df_2p00__N_128/fracval_N128_Df2p00_kf1p20_rpg1p0_rpgstd1p00_agg2_20260731-042719-863967.dat
vanilla,1.0,2.0,128,1.2,3,2006784299,True,128,0.0,0,10.376482641407213,0.46986115595121025,/home/mar/Development/PyFracVAL/cluster_data/vanilla/sigma_1p00__Df_2p00__N_128/fracval_N128_Df2p00_kf1p20_rpg1p0_rpgstd1p00_agg3_20260731-042719-875511.dat
vanilla,1.0,2.0,128,1.2,1,593718414,True,128,0.0,0,10.376482641407213,0.46986115595121025,/home/mar/Development/PyFracVAL/cluster_data/vanilla/sigma_1p00__Df_2p00__N_128/fracval_N128_Df2p00_kf1p20_rpg1p0_rpgstd1p00_agg1_20260731-042719-888367.dat
vanilla,1.0,2.0,128,1.2,4,1803547215,True,128,0.0,0,10.376482641407213,0.46986115595121025,/home/mar/Development/PyFracVAL/cluster_data/vanilla/sigma_1p00__Df_2p00__N_128/fracval_N128_Df2p00_kf1p20_rpg1p0_rpgstd1p00_agg4_20260731-042719-903804.dat
vanilla,1.0,2.2,128,1.0,1,1275191626,True,128,0.0,0,9.151712853032903,0.8508752433561955,/home/mar/Development/PyFracVAL/cluster_data/vanilla/sigma_1p00__Df_2p20__N_128/fracval_N128_Df2p20_kf1p00_rpg1p0_rpgstd1p00_agg1_20260731-042719-986850.dat
vanilla,1.0,2.2,128,1.0,0,149550671,True,128,0.0,0,9.151712853032903,0.8508752433561955,/home/mar/Development/PyFracVAL/cluster_data/vanilla/sigma_1p00__Df_2p20__N_128/fracval_N128_Df2p20_kf1p00_rpg1p0_rpgstd1p00_agg0_20260731-042720-006574.dat
vanilla,1.0,2.2,128,1.0,2,677100846,True,128,0.0,0,9.151712853032901,0.8508752433561759,/home/mar/Development/PyFracVAL/cluster_data/vanilla/sigma_1p00__Df_2p20__N_128/fracval_N128_Df2p20_kf1p00_rpg1p0_rpgstd1p00_agg2_20260731-042720-024028.dat
vanilla,1.0,2.2,128,1.0,4,1455384732,True,128,0.0,0,9.151712853032901,0.8508752433561759,/home/mar/Development/PyFracVAL/cluster_data/vanilla/sigma_1p00__Df_2p20__N_128/fracval_N128_Df2p20_kf1p00_rpg1p0_rpgstd1p00_agg4_20260731-042720-101368.dat
vanilla,1.0,2.2,128,1.0,3,1075450077,True,128,0.0,0,9.151712853032903,0.8508752433561955,/home/mar/Development/PyFracVAL/cluster_data/vanilla/sigma_1p00__Df_2p20__N_128/fracval_N128_Df2p20_kf1p00_rpg1p0_rpgstd1p00_agg3_20260731-042720-115899.dat
vanilla,1.0,1.4,128,1.8,2,656405623,True,128,0.0,0,20.93762005746709,-0.43313339545353663,/home/mar/Development/PyFracVAL/cluster_data/vanilla/sigma_1p00__Df_1p40__N_128/fracval_N128_Df1p40_kf1p80_rpg1p0_rpgstd1p00_agg2_20260731-042720-793064.dat
vanilla,1.5,2.6,64,0.8,2,724901789,True,64,0.0,0,5.128697488484428,0.1862383965143553,/home/mar/Development/PyFracVAL/cluster_data/vanilla/sigma_1p50__Df_2p60__N_64/fracval_N64_Df2p60_kf0p80_rpg1p0_rpgstd1p50_agg2_20260731-042720-858789.dat
vanilla,1.0,1.4,128,1.8,3,353835628,True,128,0.0,0,20.93762005746709,-0.43313339545353663,/home/mar/Development/PyFracVAL/cluster_data/vanilla/sigma_1p00__Df_1p40__N_128/fracval_N128_Df1p40_kf1p80_rpg1p0_rpgstd1p00_agg3_20260731-042720-886875.dat
vanilla,1.0,1.8,128,1.8,4,144693824,True,128,0.0,0,10.814945444756114,1.197593740070438,/home/mar/Development/PyFracVAL/cluster_data/vanilla/sigma_1p00__Df_1p80__N_128/fracval_N128_Df1p80_kf1p80_rpg1p0_rpgstd1p00_agg4_20260731-042720-922069.dat
vanilla,1.0,2.6,128,0.8,1,719088558,True,128,0.0,0,7.245748128424335,2.883274552396198,/home/mar/Development/PyFracVAL/cluster_data/vanilla/sigma_1p00__Df_2p60__N_128/fracval_N128_Df2p60_kf0p80_rpg1p0_rpgstd1p00_agg1_20260731-042720-947557.dat
vanilla,1.25,1.4,128,1.6,0,1450690104,True,128,0.0,0,22.092144611691403,-0.6226583157971242,/home/mar/Development/PyFracVAL/cluster_data/vanilla/sigma_1p25__Df_1p40__N_128/fracval_N128_Df1p40_kf1p60_rpg1p0_rpgstd1p25_agg0_20260731-042720-999852.dat
vanilla,1.0,2.6,128,0.8,2,1730151881,True,128,0.0,0,7.245748128424334,2.8832745523961854,/home/mar/Development/PyFracVAL/cluster_data/vanilla/sigma_1p00__Df_2p60__N_128/fracval_N128_Df2p60_kf0p80_rpg1p0_rpgstd1p00_agg2_20260731-042721-135983.dat
vanilla,1.25,1.4,128,1.6,2,144644842,True,128,0.0,0,22.520245622592526,-0.692154087393747,/home/mar/Development/PyFracVAL/cluster_data/vanilla/sigma_1p25__Df_1p40__N_128/fracval_N128_Df1p40_kf1p60_rpg1p0_rpgstd1p25_agg2_20260731-042721-223559.dat
vanilla,1.25,1.4,128,1.6,3,274080209,True,128,0.0,0,22.730569058513094,-0.6234068274926485,/home/mar/Development/PyFracVAL/cluster_data/vanilla/sigma_1p25__Df_1p40__N_128/fracval_N128_Df1p40_kf1p60_rpg1p0_rpgstd1p25_agg3_20260731-042721-333474.dat
vanilla,1.25,1.6,128,1.2,0,712366581,True,128,0.0,0,18.285304997072657,-1.0078074024315888,/home/mar/Development/PyFracVAL/cluster_data/vanilla/sigma_1p25__Df_1p60__N_128/fracval_N128_Df1p60_kf1p20_rpg1p0_rpgstd1p25_agg0_20260731-042721-404694.dat
vanilla,1.25,1.6,128,1.2,1,933936368,True,128,0.0,0,18.817262380026097,-0.9570758424547434,/home/mar/Development/PyFracVAL/cluster_data/vanilla/sigma_1p25__Df_1p60__N_128/fracval_N128_Df1p60_kf1p20_rpg1p0_rpgstd1p25_agg1_20260731-042721-551266.dat
vanilla,1.25,1.6,128,1.2,2,838911816,True,128,0.0,0,18.56563832688624,-0.9451023603234514,/home/mar/Development/PyFracVAL/cluster_data/vanilla/sigma_1p25__Df_1p60__N_128/fracval_N128_Df1p60_kf1p20_rpg1p0_rpgstd1p25_agg2_20260731-042721-639750.dat
vanilla,1.0,2.6,128,0.8,3,993785534,True,128,0.0,0,7.245748128424334,2.8832745523961854,/home/mar/Development/PyFracVAL/cluster_data/vanilla/sigma_1p00__Df_2p60__N_128/fracval_N128_Df2p60_kf0p80_rpg1p0_rpgstd1p00_agg3_20260731-042721-732909.dat
vanilla,1.25,1.6,128,1.2,3,536985569,True,128,0.0,0,18.34631071893829,-1.0130845855954902,/home/mar/Development/PyFracVAL/cluster_data/vanilla/sigma_1p25__Df_1p60__N_128/fracval_N128_Df1p60_kf1p20_rpg1p0_rpgstd1p25_agg3_20260731-042721-800005.dat
vanilla,1.25,1.4,128,1.6,4,1730184229,True,128,0.0,0,22.511375686942014,-0.6104386167606124,/home/mar/Development/PyFracVAL/cluster_data/vanilla/sigma_1p25__Df_1p40__N_128/fracval_N128_Df1p40_kf1p60_rpg1p0_rpgstd1p25_agg4_20260731-042721-850161.dat
vanilla,1.0,2.6,128,0.8,4,387430088,True,128,0.0,0,7.245748128424335,2.883274552396198,/home/mar/Development/PyFracVAL/cluster_data/vanilla/sigma_1p00__Df_2p60__N_128/fracval_N128_Df2p60_kf0p80_rpg1p0_rpgstd1p00_agg4_20260731-042721-872604.dat
vanilla,1.25,1.8,128,1.4,0,299917613,True,128,0.0,0,12.308515230515495,0.1328877872588567,/home/mar/Development/PyFracVAL/cluster_data/vanilla/sigma_1p25__Df_1p80__N_128/fracval_N128_Df1p80_kf1p40_rpg1p0_rpgstd1p25_agg0_20260731-042721-932069.dat
vanilla,1.25,1.6,128,1.2,4,1761472529,True,128,5.125560498087106e-07,1,18.539476136108945,-1.009361665779347,/home/mar/Development/PyFracVAL/cluster_data/vanilla/sigma_1p25__Df_1p60__N_128/fracval_N128_Df1p60_kf1p20_rpg1p0_rpgstd1p25_agg4_20260731-042721-951982.dat
vanilla,1.25,1.8,128,1.4,1,1130942335,True,128,0.0,0,12.028041657974295,0.011343826905211069,/home/mar/Development/PyFracVAL/cluster_data/vanilla/sigma_1p25__Df_1p80__N_128/fracval_N128_Df1p80_kf1p40_rpg1p0_rpgstd1p25_agg1_20260731-042722-048486.dat
vanilla,1.25,1.8,128,1.4,3,791996524,True,128,0.0,0,12.250239785209754,-0.0453395586428791,/home/mar/Development/PyFracVAL/cluster_data/vanilla/sigma_1p25__Df_1p80__N_128/fracval_N128_Df1p80_kf1p40_rpg1p0_rpgstd1p25_agg3_20260731-042722-125224.dat
vanilla,1.25,1.8,128,1.4,4,1221027813,True,128,0.0,0,12.57665214979923,0.06658388217582474,/home/mar/Development/PyFracVAL/cluster_data/vanilla/sigma_1p25__Df_1p80__N_128/fracval_N128_Df1p80_kf1p40_rpg1p0_rpgstd1p25_agg4_20260731-042722-224682.dat
vanilla,1.25,2.0,128,0.6,0,2002742113,True,128,0.0,0,14.186417393693738,-2.187176646910648,/home/mar/Development/PyFracVAL/cluster_data/vanilla/sigma_1p25__Df_2p00__N_128/fracval_N128_Df2p00_kf0p60_rpg1p0_rpgstd1p25_agg0_20260731-042722-241754.dat
vanilla,1.25,2.0,128,0.6,2,102550646,True,128,0.0,0,14.276024941285247,-2.2333233279994325,/home/mar/Development/PyFracVAL/cluster_data/vanilla/sigma_1p25__Df_2p00__N_128/fracval_N128_Df2p00_kf0p60_rpg1p0_rpgstd1p25_agg2_20260731-042722-354148.dat
vanilla,1.25,1.4,128,1.6,1,1476196333,True,128,0.0,0,22.700816649638853,-0.6386210543328359,/home/mar/Development/PyFracVAL/cluster_data/vanilla/sigma_1p25__Df_1p40__N_128/fracval_N128_Df1p40_kf1p60_rpg1p0_rpgstd1p25_agg1_20260731-042722-367056.dat
vanilla,1.25,2.0,128,0.6,1,463536507,True,128,0.0,0,14.28864354891744,-2.240643093684017,/home/mar/Development/PyFracVAL/cluster_data/vanilla/sigma_1p25__Df_2p00__N_128/fracval_N128_Df2p00_kf0p60_rpg1p0_rpgstd1p25_agg1_20260731-042722-403044.dat
vanilla,1.25,1.8,128,1.4,2,2133405643,True,128,0.0,0,12.47642064970304,0.012999730193739492,/home/mar/Development/PyFracVAL/cluster_data/vanilla/sigma_1p25__Df_1p80__N_128/fracval_N128_Df1p80_kf1p40_rpg1p0_rpgstd1p25_agg2_20260731-042722-419044.dat
vanilla,1.25,2.0,128,0.6,3,1308317132,True,128,0.0,0,14.462282959434665,-2.114628598460568,/home/mar/Development/PyFracVAL/cluster_data/vanilla/sigma_1p25__Df_2p00__N_128/fracval_N128_Df2p00_kf0p60_rpg1p0_rpgstd1p25_agg3_20260731-042722-492055.dat
vanilla,1.25,2.2,128,0.6,0,403626927,True,128,0.0,0,11.300105058911363,-1.739424985418578,/home/mar/Development/PyFracVAL/cluster_data/vanilla/sigma_1p25__Df_2p20__N_128/fracval_N128_Df2p20_kf0p60_rpg1p0_rpgstd1p25_agg0_20260731-042722-518258.dat
vanilla,1.25,2.0,128,0.6,4,135942091,True,128,0.0,0,14.087081635339986,-2.1789847071727126,/home/mar/Development/PyFracVAL/cluster_data/vanilla/sigma_1p25__Df_2p00__N_128/fracval_N128_Df2p00_kf0p60_rpg1p0_rpgstd1p25_agg4_20260731-042722-530426.dat
vanilla,1.25,2.2,128,0.6,1,994943049,True,128,0.0,0,11.193759159228014,-1.6674039479577647,/home/mar/Development/PyFracVAL/cluster_data/vanilla/sigma_1p25__Df_2p20__N_128/fracval_N128_Df2p20_kf0p60_rpg1p0_rpgstd1p25_agg1_20260731-042722-577698.dat
vanilla,1.25,2.2,128,0.6,2,1458195858,True,128,0.0,0,11.330130672807313,-1.6149459578166367,/home/mar/Development/PyFracVAL/cluster_data/vanilla/sigma_1p25__Df_2p20__N_128/fracval_N128_Df2p20_kf0p60_rpg1p0_rpgstd1p25_agg2_20260731-042722-587856.dat
vanilla,1.25,2.2,128,0.6,3,1664938095,True,128,0.0,0,10.910525035963225,-1.7268873223895957,/home/mar/Development/PyFracVAL/cluster_data/vanilla/sigma_1p25__Df_2p20__N_128/fracval_N128_Df2p20_kf0p60_rpg1p0_rpgstd1p25_agg3_20260731-042722-616372.dat
vanilla,1.25,2.2,128,0.6,4,556103338,True,128,0.0,0,11.4585600158727,-1.6608975971318256,/home/mar/Development/PyFracVAL/cluster_data/vanilla/sigma_1p25__Df_2p20__N_128/fracval_N128_Df2p20_kf0p60_rpg1p0_rpgstd1p25_agg4_20260731-042722-706444.dat
vanilla,1.25,2.4,128,0.8,1,1346664155,True,128,0.0,0,8.468634601740673,0.9708435174410599,/home/mar/Development/PyFracVAL/cluster_data/vanilla/sigma_1p25__Df_2p40__N_128/fracval_N128_Df2p40_kf0p80_rpg1p0_rpgstd1p25_agg1_20260731-042722-741111.dat
vanilla,1.25,2.4,128,0.8,0,2002638409,True,128,0.0,0,8.507095382143358,1.10085317964235,/home/mar/Development/PyFracVAL/cluster_data/vanilla/sigma_1p25__Df_2p40__N_128/fracval_N128_Df2p40_kf0p80_rpg1p0_rpgstd1p25_agg0_20260731-042722-766450.dat
vanilla,1.25,2.4,128,0.8,3,1017696748,True,128,0.0,0,8.39062062617006,0.9973577376965366,/home/mar/Development/PyFracVAL/cluster_data/vanilla/sigma_1p25__Df_2p40__N_128/fracval_N128_Df2p40_kf0p80_rpg1p0_rpgstd1p25_agg3_20260731-042722-853061.dat
vanilla,1.25,2.4,128,0.8,2,1489233382,True,128,0.0,0,8.305335986764254,1.0671370754206206,/home/mar/Development/PyFracVAL/cluster_data/vanilla/sigma_1p25__Df_2p40__N_128/fracval_N128_Df2p40_kf0p80_rpg1p0_rpgstd1p25_agg2_20260731-042722-872165.dat
vanilla,1.25,2.4,128,0.8,4,1846560548,True,128,0.0,0,8.243393046173217,0.6752125519429466,/home/mar/Development/PyFracVAL/cluster_data/vanilla/sigma_1p25__Df_2p40__N_128/fracval_N128_Df2p40_kf0p80_rpg1p0_rpgstd1p25_agg4_20260731-042722-885983.dat
vanilla,1.0,1.4,128,1.8,4,950665571,True,128,0.0,0,20.937620057467086,-0.43313339545355356,/home/mar/Development/PyFracVAL/cluster_data/vanilla/sigma_1p00__Df_1p40__N_128/fracval_N128_Df1p40_kf1p80_rpg1p0_rpgstd1p00_agg4_20260731-042723-865503.dat
vanilla,1.0,1.4,128,1.8,0,1767559534,True,128,0.0,0,20.937620057467086,-0.43313339545355356,/home/mar/Development/PyFracVAL/cluster_data/vanilla/sigma_1p00__Df_1p40__N_128/fracval_N128_Df1p40_kf1p80_rpg1p0_rpgstd1p00_agg0_20260731-042723-916621.dat
vanilla,1.0,1.6,128,1.2,0,1568883263,True,128,0.0,0,18.337165110022898,-0.9591763972511771,/home/mar/Development/PyFracVAL/cluster_data/vanilla/sigma_1p00__Df_1p60__N_128/fracval_N128_Df1p60_kf1p20_rpg1p0_rpgstd1p00_agg0_20260731-042724-382464.dat
vanilla,1.0,1.4,128,1.8,1,1963367072,True,128,0.0,0,20.937620057467093,-0.4331333954535197,/home/mar/Development/PyFracVAL/cluster_data/vanilla/sigma_1p00__Df_1p40__N_128/fracval_N128_Df1p40_kf1p80_rpg1p0_rpgstd1p00_agg1_20260731-042724-439958.dat
vanilla,1.0,1.6,128,1.2,1,81530223,True,128,0.0,0,18.337165110022898,-0.9591763972511771,/home/mar/Development/PyFracVAL/cluster_data/vanilla/sigma_1p00__Df_1p60__N_128/fracval_N128_Df1p60_kf1p20_rpg1p0_rpgstd1p00_agg1_20260731-042724-470583.dat
vanilla,1.5,1.6,128,1.2,1,128945868,True,128,0.0,0,17.974392900527416,-1.0902772909712704,/home/mar/Development/PyFracVAL/cluster_data/vanilla/sigma_1p50__Df_1p60__N_128/fracval_N128_Df1p60_kf1p20_rpg1p0_rpgstd1p50_agg1_20260731-042724-518541.dat
vanilla,1.5,1.6,128,1.2,3,1512107367,True,128,0.0,0,17.18207636185735,-1.3666204216849305,/home/mar/Development/PyFracVAL/cluster_data/vanilla/sigma_1p50__Df_1p60__N_128/fracval_N128_Df1p60_kf1p20_rpg1p0_rpgstd1p50_agg3_20260731-042724-570462.dat
vanilla,1.5,1.6,128,1.2,0,1398259710,True,128,0.0,0,18.079116805063023,-1.108239359957277,/home/mar/Development/PyFracVAL/cluster_data/vanilla/sigma_1p50__Df_1p60__N_128/fracval_N128_Df1p60_kf1p20_rpg1p0_rpgstd1p50_agg0_20260731-042724-622050.dat
vanilla,1.5,1.8,128,1.2,0,1298843467,True,128,0.0,0,13.39512361710279,-0.6268792589054815,/home/mar/Development/PyFracVAL/cluster_data/vanilla/sigma_1p50__Df_1p80__N_128/fracval_N128_Df1p80_kf1p20_rpg1p0_rpgstd1p50_agg0_20260731-042724-836786.dat
vanilla,1.5,1.6,128,1.2,2,774437159,True,128,0.0,0,18.185322893644486,-1.0586012997397953,/home/mar/Development/PyFracVAL/cluster_data/vanilla/sigma_1p50__Df_1p60__N_128/fracval_N128_Df1p60_kf1p20_rpg1p0_rpgstd1p50_agg2_20260731-042724-877031.dat
vanilla,1.5,1.6,128,1.2,4,260516871,True,128,0.0,0,17.790937420623187,-1.0128430414065228,/home/mar/Development/PyFracVAL/cluster_data/vanilla/sigma_1p50__Df_1p60__N_128/fracval_N128_Df1p60_kf1p20_rpg1p0_rpgstd1p50_agg4_20260731-042724-923813.dat
vanilla,1.5,1.8,128,1.2,2,618078515,True,128,0.0,0,14.034993503089412,-0.7151378080732028,/home/mar/Development/PyFracVAL/cluster_data/vanilla/sigma_1p50__Df_1p80__N_128/fracval_N128_Df1p80_kf1p20_rpg1p0_rpgstd1p50_agg2_20260731-042725-040892.dat
vanilla,1.5,1.8,128,1.2,3,1955999240,True,128,0.0,0,13.549416082481464,-0.5673409868128054,/home/mar/Development/PyFracVAL/cluster_data/vanilla/sigma_1p50__Df_1p80__N_128/fracval_N128_Df1p80_kf1p20_rpg1p0_rpgstd1p50_agg3_20260731-042725-188220.dat
vanilla,1.5,1.8,128,1.2,1,1811615356,True,128,0.0,0,13.482848744719945,-0.5127283990303547,/home/mar/Development/PyFracVAL/cluster_data/vanilla/sigma_1p50__Df_1p80__N_128/fracval_N128_Df1p80_kf1p20_rpg1p0_rpgstd1p50_agg1_20260731-042725-222234.dat
vanilla,1.5,1.8,128,1.2,4,2121742870,True,128,0.0,0,13.475299403390956,-0.6260585711996476,/home/mar/Development/PyFracVAL/cluster_data/vanilla/sigma_1p50__Df_1p80__N_128/fracval_N128_Df1p80_kf1p20_rpg1p0_rpgstd1p50_agg4_20260731-042725-242291.dat
vanilla,1.5,2.0,128,1.0,1,1860610434,True,128,0.0,0,11.481309989748171,-0.5747829903905609,/home/mar/Development/PyFracVAL/cluster_data/vanilla/sigma_1p50__Df_2p00__N_128/fracval_N128_Df2p00_kf1p00_rpg1p0_rpgstd1p50_agg1_20260731-042725-408987.dat
vanilla,1.5,2.0,128,1.0,2,966523803,True,128,0.0,0,11.095325845369965,-0.35566495845267415,/home/mar/Development/PyFracVAL/cluster_data/vanilla/sigma_1p50__Df_2p00__N_128/fracval_N128_Df2p00_kf1p00_rpg1p0_rpgstd1p50_agg2_20260731-042725-427874.dat
vanilla,1.5,2.0,128,1.0,0,1685255673,True,128,0.0,0,11.573279180086757,-0.5658378847097315,/home/mar/Development/PyFracVAL/cluster_data/vanilla/sigma_1p50__Df_2p00__N_128/fracval_N128_Df2p00_kf1p00_rpg1p0_rpgstd1p50_agg0_20260731-042725-491185.dat
vanilla,1.5,2.0,128,1.0,3,1222568484,True,128,0.0,0,11.738166261469702,-0.683037469715985,/home/mar/Development/PyFracVAL/cluster_data/vanilla/sigma_1p50__Df_2p00__N_128/fracval_N128_Df2p00_kf1p00_rpg1p0_rpgstd1p50_agg3_20260731-042725-512328.dat
vanilla,1.5,2.0,128,1.0,4,151572626,True,128,0.0,0,10.678889993544233,-0.5785995970386865,/home/mar/Development/PyFracVAL/cluster_data/vanilla/sigma_1p50__Df_2p00__N_128/fracval_N128_Df2p00_kf1p00_rpg1p0_rpgstd1p50_agg4_20260731-042725-534612.dat
vanilla,1.5,2.2,128,1.4,0,858478397,True,128,0.0,0,8.07780152343392,3.1494121695148194,/home/mar/Development/PyFracVAL/cluster_data/vanilla/sigma_1p50__Df_2p20__N_128/fracval_N128_Df2p20_kf1p40_rpg1p0_rpgstd1p50_agg0_20260731-042725-664133.dat
vanilla,1.5,2.2,128,1.4,1,1408044395,True,128,0.0,0,7.864876104524376,2.9438750160794585,/home/mar/Development/PyFracVAL/cluster_data/vanilla/sigma_1p50__Df_2p20__N_128/fracval_N128_Df2p20_kf1p40_rpg1p0_rpgstd1p50_agg1_20260731-042725-768943.dat
vanilla,1.5,2.2,128,1.4,3,679937657,True,128,0.0,0,7.759013754204713,2.667320650946709,/home/mar/Development/PyFracVAL/cluster_data/vanilla/sigma_1p50__Df_2p20__N_128/fracval_N128_Df2p20_kf1p40_rpg1p0_rpgstd1p50_agg3_20260731-042725-941034.dat
vanilla,1.5,2.2,128,1.4,2,531304981,True,128,0.0,0,7.643037232047579,2.901759892349074,/home/mar/Development/PyFracVAL/cluster_data/vanilla/sigma_1p50__Df_2p20__N_128/fracval_N128_Df2p20_kf1p40_rpg1p0_rpgstd1p50_agg2_20260731-042725-995200.dat
vanilla,1.5,2.4,64,1.4,2,1662597334,True,64,0.0,0,5.428942347324745,3.601183970641518,/home/mar/Development/PyFracVAL/cluster_data/vanilla/sigma_1p50__Df_2p40__N_64/fracval_N64_Df2p40_kf1p40_rpg1p0_rpgstd1p50_agg2_20260731-042726-402023.dat
vanilla,1.5,2.2,128,1.4,4,1756470556,True,128,0.0,0,8.29161366189152,3.3572217386416963,/home/mar/Development/PyFracVAL/cluster_data/vanilla/sigma_1p50__Df_2p20__N_128/fracval_N128_Df2p20_kf1p40_rpg1p0_rpgstd1p50_agg4_20260731-042726-435589.dat
vanilla,1.0,1.6,128,1.2,2,1457389235,True,128,0.0,0,18.337165110022898,-0.9591763972511771,/home/mar/Development/PyFracVAL/cluster_data/vanilla/sigma_1p00__Df_1p60__N_128/fracval_N128_Df1p60_kf1p20_rpg1p0_rpgstd1p00_agg2_20260731-042726-477207.dat
vanilla,1.5,2.6,128,0.6,1,113518599,True,128,0.0,0,7.8528701996162535,0.3525226384934691,/home/mar/Development/PyFracVAL/cluster_data/vanilla/sigma_1p50__Df_2p60__N_128/fracval_N128_Df2p60_kf0p60_rpg1p0_rpgstd1p50_agg1_20260731-042726-838102.dat
vanilla,1.0,1.8,128,1.8,1,1733161132,True,128,0.0,0,10.814945444756116,1.1975937400704546,/home/mar/Development/PyFracVAL/cluster_data/vanilla/sigma_1p00__Df_1p80__N_128/fracval_N128_Df1p80_kf1p80_rpg1p0_rpgstd1p00_agg1_20260731-042726-971526.dat
vanilla,1.5,2.6,128,0.6,2,834383633,True,128,0.0,0,7.698456105609133,0.4367587738514675,/home/mar/Development/PyFracVAL/cluster_data/vanilla/sigma_1p50__Df_2p60__N_128/fracval_N128_Df2p60_kf0p60_rpg1p0_rpgstd1p50_agg2_20260731-042727-257734.dat
vanilla,1.0,1.6,128,1.2,3,1573065707,True,128,0.0,0,18.3371651100229,-0.9591763972511578,/home/mar/Development/PyFracVAL/cluster_data/vanilla/sigma_1p00__Df_1p60__N_128/fracval_N128_Df1p60_kf1p20_rpg1p0_rpgstd1p00_agg3_20260731-042727-507948.dat
vanilla,1.0,1.6,256,1.8,3,2041022038,True,256,0.0,0,22.12326807613442,-0.1737816695522358,/home/mar/Development/PyFracVAL/cluster_data/vanilla/sigma_1p00__Df_1p60__N_256/fracval_N256_Df1p60_kf1p80_rpg1p0_rpgstd1p00_agg3_20260731-042727-725440.dat
vanilla,1.0,1.6,256,1.8,4,824699546,True,256,0.0,0,22.123268076134412,-0.17378166955226787,/home/mar/Development/PyFracVAL/cluster_data/vanilla/sigma_1p00__Df_1p60__N_256/fracval_N256_Df1p60_kf1p80_rpg1p0_rpgstd1p00_agg4_20260731-042727-896536.dat
vanilla,1.5,2.6,128,0.6,4,751971850,True,128,0.0,0,7.779609368304343,-0.002098914786678852,/home/mar/Development/PyFracVAL/cluster_data/vanilla/sigma_1p50__Df_2p60__N_128/fracval_N128_Df2p60_kf0p60_rpg1p0_rpgstd1p50_agg4_20260731-042727-956007.dat
vanilla,1.0,1.8,256,0.8,1,1262460126,True,256,0.0,0,24.229415091909825,-1.69107610766357,/home/mar/Development/PyFracVAL/cluster_data/vanilla/sigma_1p00__Df_1p80__N_256/fracval_N256_Df1p80_kf0p80_rpg1p0_rpgstd1p00_agg1_20260731-042728-061416.dat
vanilla,1.0,1.6,256,1.8,0,464911490,True,256,0.0,0,22.12326807613442,-0.1737816695522358,/home/mar/Development/PyFracVAL/cluster_data/vanilla/sigma_1p00__Df_1p60__N_256/fracval_N256_Df1p60_kf1p80_rpg1p0_rpgstd1p00_agg0_20260731-042728-142530.dat
vanilla,1.0,1.8,256,0.8,2,639738366,True,256,0.0,0,24.22941509190983,-1.6910761076635559,/home/mar/Development/PyFracVAL/cluster_data/vanilla/sigma_1p00__Df_1p80__N_256/fracval_N256_Df1p80_kf0p80_rpg1p0_rpgstd1p00_agg2_20260731-042728-250371.dat
vanilla,1.0,1.8,256,0.8,3,1934241278,True,256,0.0,0,24.22941509190982,-1.6910761076635847,/home/mar/Development/PyFracVAL/cluster_data/vanilla/sigma_1p00__Df_1p80__N_256/fracval_N256_Df1p80_kf0p80_rpg1p0_rpgstd1p00_agg3_20260731-042728-305132.dat
vanilla,1.5,2.6,128,0.6,3,252987312,True,128,0.0,0,8.225977073858425,0.7002194743354476,/home/mar/Development/PyFracVAL/cluster_data/vanilla/sigma_1p50__Df_2p60__N_128/fracval_N128_Df2p60_kf0p60_rpg1p0_rpgstd1p50_agg3_20260731-042728-331166.dat
vanilla,1.0,1.8,256,0.8,4,1110986203,True,256,0.0,0,24.22941509190982,-1.6910761076635847,/home/mar/Development/PyFracVAL/cluster_data/vanilla/sigma_1p00__Df_1p80__N_256/fracval_N256_Df1p80_kf0p80_rpg1p0_rpgstd1p00_agg4_20260731-042728-388611.dat
vanilla,1.0,2.0,128,1.2,0,1463367518,True,128,0.0,0,10.376482641407213,0.46986115595121025,/home/mar/Development/PyFracVAL/cluster_data/vanilla/sigma_1p00__Df_2p00__N_128/fracval_N128_Df2p00_kf1p20_rpg1p0_rpgstd1p00_agg0_20260731-042728-463078.dat
vanilla,1.0,1.6,256,1.8,2,1151672949,True,256,0.0,0,22.123268076134423,-0.17378166955221977,/home/mar/Development/PyFracVAL/cluster_data/vanilla/sigma_1p00__Df_1p60__N_256/fracval_N256_Df1p60_kf1p80_rpg1p0_rpgstd1p00_agg2_20260731-042728-487157.dat
vanilla,1.0,2.0,256,1.4,0,1115452923,True,256,0.0,0,13.78049321040063,1.9081216039908648,/home/mar/Development/PyFracVAL/cluster_data/vanilla/sigma_1p00__Df_2p00__N_256/fracval_N256_Df2p00_kf1p40_rpg1p0_rpgstd1p00_agg0_20260731-042728-570735.dat
vanilla,1.0,2.0,256,1.4,2,793673640,True,256,0.0,0,13.78049321040063,1.9081216039908648,/home/mar/Development/PyFracVAL/cluster_data/vanilla/sigma_1p00__Df_2p00__N_256/fracval_N256_Df2p00_kf1p40_rpg1p0_rpgstd1p00_agg2_20260731-042728-597386.dat
vanilla,1.0,2.0,256,1.4,3,795123235,True,256,0.0,0,13.78049321040063,1.9081216039908648,/home/mar/Development/PyFracVAL/cluster_data/vanilla/sigma_1p00__Df_2p00__N_256/fracval_N256_Df2p00_kf1p40_rpg1p0_rpgstd1p00_agg3_20260731-042728-705418.dat
vanilla,1.0,2.0,256,1.4,4,1357618655,True,256,0.0,0,13.780493210400632,1.908121603990878,/home/mar/Development/PyFracVAL/cluster_data/vanilla/sigma_1p00__Df_2p00__N_256/fracval_N256_Df2p00_kf1p40_rpg1p0_rpgstd1p00_agg4_20260731-042728-760841.dat
vanilla,1.0,2.2,256,1.8,1,262755543,True,256,0.0,0,10.22056263847809,7.362652195271149,/home/mar/Development/PyFracVAL/cluster_data/vanilla/sigma_1p00__Df_2p20__N_256/fracval_N256_Df2p20_kf1p80_rpg1p0_rpgstd1p00_agg1_20260731-042728-865915.dat
vanilla,1.0,2.2,256,1.8,0,159533037,True,256,0.0,0,10.220562638478087,7.3626521952711315,/home/mar/Development/PyFracVAL/cluster_data/vanilla/sigma_1p00__Df_2p20__N_256/fracval_N256_Df2p20_kf1p80_rpg1p0_rpgstd1p00_agg0_20260731-042729-084154.dat
vanilla,1.0,2.2,256,1.8,3,665845514,True,256,0.0,0,10.22056263847809,7.362652195271149,/home/mar/Development/PyFracVAL/cluster_data/vanilla/sigma_1p00__Df_2p20__N_256/fracval_N256_Df2p20_kf1p80_rpg1p0_rpgstd1p00_agg3_20260731-042729-203541.dat
vanilla,1.5,2.6,64,0.8,4,984076755,True,64,0.0,0,5.65921419919959,0.2721632884395156,/home/mar/Development/PyFracVAL/cluster_data/vanilla/sigma_1p50__Df_2p60__N_64/fracval_N64_Df2p60_kf0p80_rpg1p0_rpgstd1p50_agg4_20260731-042729-785793.dat
vanilla,1.0,2.2,256,1.8,2,1706285776,True,256,0.0,0,10.220562638478087,7.3626521952711315,/home/mar/Development/PyFracVAL/cluster_data/vanilla/sigma_1p00__Df_2p20__N_256/fracval_N256_Df2p20_kf1p80_rpg1p0_rpgstd1p00_agg2_20260731-042729-803258.dat
vanilla,1.0,2.0,256,1.4,1,455051439,True,256,0.0,0,13.78049321040063,1.9081216039908648,/home/mar/Development/PyFracVAL/cluster_data/vanilla/sigma_1p00__Df_2p00__N_256/fracval_N256_Df2p00_kf1p40_rpg1p0_rpgstd1p00_agg1_20260731-042730-039088.dat
vanilla,1.0,2.2,256,1.8,4,1818039450,True,256,0.0,0,10.220562638478087,7.3626521952711315,/home/mar/Development/PyFracVAL/cluster_data/vanilla/sigma_1p00__Df_2p20__N_256/fracval_N256_Df2p20_kf1p80_rpg1p0_rpgstd1p00_agg4_20260731-042730-244480.dat
vanilla,1.0,2.6,256,0.6,1,904429375,True,256,0.0,0,10.61666760521064,3.375027401818339,/home/mar/Development/PyFracVAL/cluster_data/vanilla/sigma_1p00__Df_2p60__N_256/fracval_N256_Df2p60_kf0p60_rpg1p0_rpgstd1p00_agg1_20260731-042730-596447.dat
vanilla,1.0,2.6,256,0.6,3,1887838990,True,256,0.0,0,10.616667605210639,3.3750274018183215,/home/mar/Development/PyFracVAL/cluster_data/vanilla/sigma_1p00__Df_2p60__N_256/fracval_N256_Df2p60_kf0p60_rpg1p0_rpgstd1p00_agg3_20260731-042730-893305.dat
vanilla,1.0,2.4,256,1.2,1,1119499752,True,256,0.0,0,9.975110224008573,6.77671860717982,/home/mar/Development/PyFracVAL/cluster_data/vanilla/sigma_1p00__Df_2p40__N_256/fracval_N256_Df2p40_kf1p20_rpg1p0_rpgstd1p00_agg1_20260731-042731-015758.dat
vanilla,1.25,1.6,256,1.2,0,1781462094,True,256,0.0,0,28.567858867626306,-1.2398790508207105,/home/mar/Development/PyFracVAL/cluster_data/vanilla/sigma_1p25__Df_1p60__N_256/fracval_N256_Df1p60_kf1p20_rpg1p0_rpgstd1p25_agg0_20260731-042731-092148.dat
vanilla,1.25,1.6,256,1.2,1,1783633520,True,256,0.0,0,27.963940010866484,-1.2203018382694688,/home/mar/Development/PyFracVAL/cluster_data/vanilla/sigma_1p25__Df_1p60__N_256/fracval_N256_Df1p60_kf1p20_rpg1p0_rpgstd1p25_agg1_20260731-042731-282399.dat
vanilla,1.0,1.6,256,1.8,1,228427055,True,256,0.0,0,22.12326807613442,-0.1737816695522358,/home/mar/Development/PyFracVAL/cluster_data/vanilla/sigma_1p00__Df_1p60__N_256/fracval_N256_Df1p60_kf1p80_rpg1p0_rpgstd1p00_agg1_20260731-042731-302178.dat
vanilla,1.0,2.6,256,0.6,0,1558920509,True,256,0.0,0,10.616667605210639,3.3750274018183215,/home/mar/Development/PyFracVAL/cluster_data/vanilla/sigma_1p00__Df_2p60__N_256/fracval_N256_Df2p60_kf0p60_rpg1p0_rpgstd1p00_agg0_20260731-042731-329155.dat
vanilla,1.0,1.8,256,0.8,0,1980458874,True,256,0.0,0,24.229415091909825,-1.69107610766357,/home/mar/Development/PyFracVAL/cluster_data/vanilla/sigma_1p00__Df_1p80__N_256/fracval_N256_Df1p80_kf0p80_rpg1p0_rpgstd1p00_agg0_20260731-042731-370455.dat
vanilla,1.25,1.6,256,1.2,2,1290764805,True,256,0.0,0,28.72440372709159,-1.1814400215641645,/home/mar/Development/PyFracVAL/cluster_data/vanilla/sigma_1p25__Df_1p60__N_256/fracval_N256_Df1p60_kf1p20_rpg1p0_rpgstd1p25_agg2_20260731-042731-481403.dat
vanilla,1.25,1.6,256,1.2,3,1715406887,True,256,0.0,0,28.553240545517582,-1.2108795951061466,/home/mar/Development/PyFracVAL/cluster_data/vanilla/sigma_1p25__Df_1p60__N_256/fracval_N256_Df1p60_kf1p20_rpg1p0_rpgstd1p25_agg3_20260731-042731-516139.dat
vanilla,1.25,1.6,256,1.2,4,1576227659,True,256,0.0,0,27.97692382034742,-1.192571396565041,/home/mar/Development/PyFracVAL/cluster_data/vanilla/sigma_1p25__Df_1p60__N_256/fracval_N256_Df1p60_kf1p20_rpg1p0_rpgstd1p25_agg4_20260731-042731-560270.dat
vanilla,1.25,1.8,256,0.8,0,356243530,True,256,0.0,0,23.994316330175923,-1.778497889529197,/home/mar/Development/PyFracVAL/cluster_data/vanilla/sigma_1p25__Df_1p80__N_256/fracval_N256_Df1p80_kf0p80_rpg1p0_rpgstd1p25_agg0_20260731-042731-605326.dat
vanilla,1.0,2.4,256,1.2,4,635523067,True,256,0.0,0,9.97511022400857,6.7767186071798005,/home/mar/Development/PyFracVAL/cluster_data/vanilla/sigma_1p00__Df_2p40__N_256/fracval_N256_Df2p40_kf1p20_rpg1p0_rpgstd1p00_agg4_20260731-042731-628412.dat
vanilla,1.25,1.8,256,0.8,1,756677103,True,256,0.0,0,24.15428383655761,-1.707732061849876,/home/mar/Development/PyFracVAL/cluster_data/vanilla/sigma_1p25__Df_1p80__N_256/fracval_N256_Df1p80_kf0p80_rpg1p0_rpgstd1p25_agg1_20260731-042731-690361.dat
vanilla,1.25,1.8,256,0.8,3,1239337402,True,256,0.0,0,24.217980700961824,-1.721759888266378,/home/mar/Development/PyFracVAL/cluster_data/vanilla/sigma_1p25__Df_1p80__N_256/fracval_N256_Df1p80_kf0p80_rpg1p0_rpgstd1p25_agg3_20260731-042731-727115.dat
vanilla,1.25,1.8,256,0.8,2,2069315996,True,256,0.0,0,23.995124641902848,-1.6961607260041953,/home/mar/Development/PyFracVAL/cluster_data/vanilla/sigma_1p25__Df_1p80__N_256/fracval_N256_Df1p80_kf0p80_rpg1p0_rpgstd1p25_agg2_20260731-042731-745380.dat
vanilla,1.25,1.8,256,0.8,4,931146086,True,256,0.0,0,23.759757708837345,-1.764557694526139,/home/mar/Development/PyFracVAL/cluster_data/vanilla/sigma_1p25__Df_1p80__N_256/fracval_N256_Df1p80_kf0p80_rpg1p0_rpgstd1p25_agg4_20260731-042731-820188.dat
vanilla,1.25,2.0,256,0.6,1,882290185,True,256,0.0,0,20.335686807836883,-1.915854797634384,/home/mar/Development/PyFracVAL/cluster_data/vanilla/sigma_1p25__Df_2p00__N_256/fracval_N256_Df2p00_kf0p60_rpg1p0_rpgstd1p25_agg1_20260731-042731-873488.dat
vanilla,1.25,2.0,256,0.6,0,54540606,True,256,0.0,0,20.50799013234506,-2.0139082933722854,/home/mar/Development/PyFracVAL/cluster_data/vanilla/sigma_1p25__Df_2p00__N_256/fracval_N256_Df2p00_kf0p60_rpg1p0_rpgstd1p25_agg0_20260731-042731-892087.dat
vanilla,1.25,2.0,256,0.6,2,725310510,True,256,0.0,0,20.324795208460046,-1.9568678323521143,/home/mar/Development/PyFracVAL/cluster_data/vanilla/sigma_1p25__Df_2p00__N_256/fracval_N256_Df2p00_kf0p60_rpg1p0_rpgstd1p25_agg2_20260731-042731-935024.dat
vanilla,1.25,2.0,256,0.6,3,103148934,True,256,0.0,0,20.317088673056073,-2.044477629530214,/home/mar/Development/PyFracVAL/cluster_data/vanilla/sigma_1p25__Df_2p00__N_256/fracval_N256_Df2p00_kf0p60_rpg1p0_rpgstd1p25_agg3_20260731-042731-998442.dat
vanilla,1.25,2.2,256,0.6,2,1731110641,True,256,0.0,0,15.604996227850618,-1.183230105760685,/home/mar/Development/PyFracVAL/cluster_data/vanilla/sigma_1p25__Df_2p20__N_256/fracval_N256_Df2p20_kf0p60_rpg1p0_rpgstd1p25_agg2_20260731-042732-067049.dat
vanilla,1.0,2.6,256,0.6,4,12550421,True,256,0.0,0,10.61666760521064,3.375027401818339,/home/mar/Development/PyFracVAL/cluster_data/vanilla/sigma_1p00__Df_2p60__N_256/fracval_N256_Df2p60_kf0p60_rpg1p0_rpgstd1p00_agg4_20260731-042732-090439.dat
vanilla,1.25,2.2,256,0.6,0,1334438423,True,256,0.0,0,15.3856630543783,-0.889820737291973,/home/mar/Development/PyFracVAL/cluster_data/vanilla/sigma_1p25__Df_2p20__N_256/fracval_N256_Df2p20_kf0p60_rpg1p0_rpgstd1p25_agg0_20260731-042732-121828.dat
vanilla,1.25,2.2,256,0.6,1,894490278,True,256,0.0,0,15.442383750667277,-0.9808987498941695,/home/mar/Development/PyFracVAL/cluster_data/vanilla/sigma_1p25__Df_2p20__N_256/fracval_N256_Df2p20_kf0p60_rpg1p0_rpgstd1p25_agg1_20260731-042732-169450.dat
vanilla,1.25,2.2,256,0.6,3,1135202058,True,256,0.0,0,15.629583294665766,-0.9064031949487739,/home/mar/Development/PyFracVAL/cluster_data/vanilla/sigma_1p25__Df_2p20__N_256/fracval_N256_Df2p20_kf0p60_rpg1p0_rpgstd1p25_agg3_20260731-042732-257132.dat
vanilla,1.25,2.4,256,0.6,0,1523162250,True,256,0.0,0,12.473647441019834,0.5486843709971887,/home/mar/Development/PyFracVAL/cluster_data/vanilla/sigma_1p25__Df_2p40__N_256/fracval_N256_Df2p40_kf0p60_rpg1p0_rpgstd1p25_agg0_20260731-042732-282442.dat
vanilla,1.25,2.0,256,0.6,4,1460496411,True,256,0.0,0,19.931004279684654,-1.9555775877662072,/home/mar/Development/PyFracVAL/cluster_data/vanilla/sigma_1p25__Df_2p00__N_256/fracval_N256_Df2p00_kf0p60_rpg1p0_rpgstd1p25_agg4_20260731-042732-297394.dat
vanilla,1.25,2.2,256,0.6,4,1858558744,True,256,0.0,0,15.795626665491348,-1.0349745096870697,/home/mar/Development/PyFracVAL/cluster_data/vanilla/sigma_1p25__Df_2p20__N_256/fracval_N256_Df2p20_kf0p60_rpg1p0_rpgstd1p25_agg4_20260731-042732-317402.dat
vanilla,1.25,2.4,256,0.6,1,1601483076,True,256,0.0,0,12.556750188238064,0.7373650379183752,/home/mar/Development/PyFracVAL/cluster_data/vanilla/sigma_1p25__Df_2p40__N_256/fracval_N256_Df2p40_kf0p60_rpg1p0_rpgstd1p25_agg1_20260731-042732-453557.dat
vanilla,1.25,2.4,256,0.6,2,1541508636,True,256,0.0,0,12.923314070700568,0.6932052179115825,/home/mar/Development/PyFracVAL/cluster_data/vanilla/sigma_1p25__Df_2p40__N_256/fracval_N256_Df2p40_kf0p60_rpg1p0_rpgstd1p25_agg2_20260731-042732-480583.dat
vanilla,1.25,2.4,256,0.6,4,1345979656,True,256,0.0,0,12.601619263016538,0.8141444114467565,/home/mar/Development/PyFracVAL/cluster_data/vanilla/sigma_1p25__Df_2p40__N_256/fracval_N256_Df2p40_kf0p60_rpg1p0_rpgstd1p25_agg4_20260731-042732-525397.dat
vanilla,1.25,2.4,256,0.6,3,1962450350,True,256,0.0,0,12.527325758429509,0.5824341939581608,/home/mar/Development/PyFracVAL/cluster_data/vanilla/sigma_1p25__Df_2p40__N_256/fracval_N256_Df2p40_kf0p60_rpg1p0_rpgstd1p25_agg3_20260731-042732-548908.dat
vanilla,1.0,2.4,128,1.6,1,988663505,True,128,0.0,0,6.638637096783691,6.9362049020479155,/home/mar/Development/PyFracVAL/cluster_data/vanilla/sigma_1p00__Df_2p40__N_128/fracval_N128_Df2p40_kf1p60_rpg1p0_rpgstd1p00_agg1_20260731-042733-072029.dat
vanilla,1.0,2.6,128,0.8,0,4606927,True,128,0.0,0,7.245748128424335,2.883274552396198,/home/mar/Development/PyFracVAL/cluster_data/vanilla/sigma_1p00__Df_2p60__N_128/fracval_N128_Df2p60_kf0p80_rpg1p0_rpgstd1p00_agg0_20260731-042733-273757.dat
vanilla,1.0,2.4,128,1.6,2,63245209,True,128,0.0,0,6.63863709678369,6.936204902047888,/home/mar/Development/PyFracVAL/cluster_data/vanilla/sigma_1p00__Df_2p40__N_128/fracval_N128_Df2p40_kf1p60_rpg1p0_rpgstd1p00_agg2_20260731-042733-537166.dat
vanilla,1.5,1.6,256,1.2,0,1849357063,True,256,0.0,0,28.89097379326362,-1.261581871626493,/home/mar/Development/PyFracVAL/cluster_data/vanilla/sigma_1p50__Df_1p60__N_256/fracval_N256_Df1p60_kf1p20_rpg1p0_rpgstd1p50_agg0_20260731-042733-574494.dat
vanilla,1.5,1.6,256,1.2,1,1824694099,True,256,0.0,0,27.989994522692925,-1.283924611255612,/home/mar/Development/PyFracVAL/cluster_data/vanilla/sigma_1p50__Df_1p60__N_256/fracval_N256_Df1p60_kf1p20_rpg1p0_rpgstd1p50_agg1_20260731-042733-786396.dat
vanilla,1.0,2.4,256,1.2,0,727450206,True,256,0.0,0,9.975110224008573,6.77671860717982,/home/mar/Development/PyFracVAL/cluster_data/vanilla/sigma_1p00__Df_2p40__N_256/fracval_N256_Df2p40_kf1p20_rpg1p0_rpgstd1p00_agg0_20260731-042733-893243.dat
vanilla,1.5,1.6,256,1.2,3,185554392,True,256,0.0,0,28.24194689847171,-1.2225887078952689,/home/mar/Development/PyFracVAL/cluster_data/vanilla/sigma_1p50__Df_1p60__N_256/fracval_N256_Df1p60_kf1p20_rpg1p0_rpgstd1p50_agg3_20260731-042734-351467.dat
vanilla,1.0,2.4,256,1.2,2,763795672,True,256,0.0,0,9.975110224008573,6.77671860717982,/home/mar/Development/PyFracVAL/cluster_data/vanilla/sigma_1p00__Df_2p40__N_256/fracval_N256_Df2p40_kf1p20_rpg1p0_rpgstd1p00_agg2_20260731-042734-708574.dat
vanilla,1.5,1.6,256,1.2,4,1627273320,True,256,0.0,0,29.552434500283542,-1.2077960564512977,/home/mar/Development/PyFracVAL/cluster_data/vanilla/sigma_1p50__Df_1p60__N_256/fracval_N256_Df1p60_kf1p20_rpg1p0_rpgstd1p50_agg4_20260731-042734-735830.dat
vanilla,1.5,1.8,256,1.6,0,1381636359,True,256,0.0,0,16.8952273230596,0.4323983141444386,/home/mar/Development/PyFracVAL/cluster_data/vanilla/sigma_1p50__Df_1p80__N_256/fracval_N256_Df1p80_kf1p60_rpg1p0_rpgstd1p50_agg0_20260731-042734-942059.dat
vanilla,1.0,2.4,256,1.2,3,308852558,True,256,0.0,0,9.975110224008574,6.7767186071798395,/home/mar/Development/PyFracVAL/cluster_data/vanilla/sigma_1p00__Df_2p40__N_256/fracval_N256_Df2p40_kf1p20_rpg1p0_rpgstd1p00_agg3_20260731-042735-018543.dat
vanilla,1.5,1.8,256,1.6,1,1252731684,True,256,0.0,0,17.488420370134175,0.5310171921269655,/home/mar/Development/PyFracVAL/cluster_data/vanilla/sigma_1p50__Df_1p80__N_256/fracval_N256_Df1p80_kf1p60_rpg1p0_rpgstd1p50_agg1_20260731-042735-060318.dat
vanilla,1.5,1.8,256,1.6,2,554857416,True,256,0.0,0,16.921549421529583,0.6956345274528191,/home/mar/Development/PyFracVAL/cluster_data/vanilla/sigma_1p50__Df_1p80__N_256/fracval_N256_Df1p80_kf1p60_rpg1p0_rpgstd1p50_agg2_20260731-042735-279547.dat
vanilla,1.0,2.6,256,0.6,2,498620746,True,256,0.0,0,10.61666760521064,3.375027401818339,/home/mar/Development/PyFracVAL/cluster_data/vanilla/sigma_1p00__Df_2p60__N_256/fracval_N256_Df2p60_kf0p60_rpg1p0_rpgstd1p00_agg2_20260731-042735-313031.dat
vanilla,1.5,1.8,256,1.6,3,1286907990,True,256,0.0,0,16.971134198691534,0.5329874105724408,/home/mar/Development/PyFracVAL/cluster_data/vanilla/sigma_1p50__Df_1p80__N_256/fracval_N256_Df1p80_kf1p60_rpg1p0_rpgstd1p50_agg3_20260731-042735-472243.dat
vanilla,1.5,2.0,256,1.6,1,1092326660,True,256,0.0,0,13.101808898937923,2.9071414024857525,/home/mar/Development/PyFracVAL/cluster_data/vanilla/sigma_1p50__Df_2p00__N_256/fracval_N256_Df2p00_kf1p60_rpg1p0_rpgstd1p50_agg1_20260731-042735-616727.dat
vanilla,1.5,2.0,256,1.6,0,1456886346,True,256,0.0,0,13.07518954926605,2.576653520453164,/home/mar/Development/PyFracVAL/cluster_data/vanilla/sigma_1p50__Df_2p00__N_256/fracval_N256_Df2p00_kf1p60_rpg1p0_rpgstd1p50_agg0_20260731-042735-790541.dat
vanilla,1.5,2.0,256,1.6,2,1572745819,True,256,0.0,0,13.293042321028254,3.216689595550098,/home/mar/Development/PyFracVAL/cluster_data/vanilla/sigma_1p50__Df_2p00__N_256/fracval_N256_Df2p00_kf1p60_rpg1p0_rpgstd1p50_agg2_20260731-042735-964143.dat
vanilla,1.5,1.8,256,1.6,4,117802538,True,256,0.0,0,16.60769929423,0.6095594546962586,/home/mar/Development/PyFracVAL/cluster_data/vanilla/sigma_1p50__Df_1p80__N_256/fracval_N256_Df1p80_kf1p60_rpg1p0_rpgstd1p50_agg4_20260731-042736-130020.dat
vanilla,1.5,2.2,256,0.6,0,255345870,True,256,0.0,0,15.90688721760728,-1.2311685690876117,/home/mar/Development/PyFracVAL/cluster_data/vanilla/sigma_1p50__Df_2p20__N_256/fracval_N256_Df2p20_kf0p60_rpg1p0_rpgstd1p50_agg0_20260731-042736-246618.dat
vanilla,1.5,2.0,256,1.6,3,901523679,True,256,0.0,0,12.85658556030378,2.642979418543284,/home/mar/Development/PyFracVAL/cluster_data/vanilla/sigma_1p50__Df_2p00__N_256/fracval_N256_Df2p00_kf1p60_rpg1p0_rpgstd1p50_agg3_20260731-042736-271542.dat
vanilla,1.5,2.2,256,0.6,2,1125869271,True,256,0.0,0,15.914907784652087,-1.060342067502717,/home/mar/Development/PyFracVAL/cluster_data/vanilla/sigma_1p50__Df_2p20__N_256/fracval_N256_Df2p20_kf0p60_rpg1p0_rpgstd1p50_agg2_20260731-042736-581663.dat
vanilla,1.5,2.0,256,1.6,4,333273207,True,256,0.0,0,12.930507051468533,2.5525817841793916,/home/mar/Development/PyFracVAL/cluster_data/vanilla/sigma_1p50__Df_2p00__N_256/fracval_N256_Df2p00_kf1p60_rpg1p0_rpgstd1p50_agg4_20260731-042736-643216.dat
vanilla,1.5,2.2,256,0.6,1,1125407883,True,256,0.0,0,15.586996001215567,-1.1035633097264792,/home/mar/Development/PyFracVAL/cluster_data/vanilla/sigma_1p50__Df_2p20__N_256/fracval_N256_Df2p20_kf0p60_rpg1p0_rpgstd1p50_agg1_20260731-042736-814350.dat
vanilla,1.0,2.4,128,1.6,4,1532486650,True,128,0.0,0,6.6386370967836905,6.936204902047901,/home/mar/Development/PyFracVAL/cluster_data/vanilla/sigma_1p00__Df_2p40__N_128/fracval_N128_Df2p40_kf1p60_rpg1p0_rpgstd1p00_agg4_20260731-042736-973201.dat
vanilla,1.5,2.2,256,0.6,4,1461206195,True,256,0.0,0,15.389674234971107,-1.2255844099515316,/home/mar/Development/PyFracVAL/cluster_data/vanilla/sigma_1p50__Df_2p20__N_256/fracval_N256_Df2p20_kf0p60_rpg1p0_rpgstd1p50_agg4_20260731-042737-182871.dat
vanilla,1.5,2.2,256,0.6,3,1758258428,True,256,0.0,0,15.167084729481068,-1.3140488983661571,/home/mar/Development/PyFracVAL/cluster_data/vanilla/sigma_1p50__Df_2p20__N_256/fracval_N256_Df2p20_kf0p60_rpg1p0_rpgstd1p50_agg3_20260731-042737-204645.dat
vanilla,1.5,1.6,256,1.2,2,473811348,True,256,0.0,0,27.848295647932662,-1.223942121045206,/home/mar/Development/PyFracVAL/cluster_data/vanilla/sigma_1p50__Df_1p60__N_256/fracval_N256_Df1p60_kf1p20_rpg1p0_rpgstd1p50_agg2_20260731-042737-268411.dat
vanilla,1.0,2.4,128,1.6,3,1393437217,True,128,0.0,0,6.638637096783691,6.9362049020479155,/home/mar/Development/PyFracVAL/cluster_data/vanilla/sigma_1p00__Df_2p40__N_128/fracval_N128_Df2p40_kf1p60_rpg1p0_rpgstd1p00_agg3_20260731-042752-153751.dat
vanilla,1.5,2.6,128,0.6,0,1398392587,True,128,0.0,0,7.735516456639548,0.28210719325769334,/home/mar/Development/PyFracVAL/cluster_data/vanilla/sigma_1p50__Df_2p60__N_128/fracval_N128_Df2p60_kf0p60_rpg1p0_rpgstd1p50_agg0_20260731-042754-708271.dat
vanilla,1.0,1.6,384,1.6,2,1947351208,True,384,0.0,0,30.533958948377563,-0.6538385833968227,/home/mar/Development/PyFracVAL/cluster_data/vanilla/sigma_1p00__Df_1p60__N_384/fracval_N384_Df1p60_kf1p60_rpg1p0_rpgstd1p00_agg2_20260731-042755-010975.dat
vanilla,1.0,1.6,384,1.6,3,383348711,True,384,0.0,0,30.533958948377563,-0.6538385833968227,/home/mar/Development/PyFracVAL/cluster_data/vanilla/sigma_1p00__Df_1p60__N_384/fracval_N384_Df1p60_kf1p60_rpg1p0_rpgstd1p00_agg3_20260731-042755-270126.dat
vanilla,1.0,1.6,384,1.6,4,1508580398,True,384,0.0,0,30.533958948377567,-0.6538385833968111,/home/mar/Development/PyFracVAL/cluster_data/vanilla/sigma_1p00__Df_1p60__N_384/fracval_N384_Df1p60_kf1p60_rpg1p0_rpgstd1p00_agg4_20260731-042755-505966.dat
vanilla,1.0,1.8,384,1.2,0,2058986321,True,384,0.0,0,24.515229427556196,-0.531407181946096,/home/mar/Development/PyFracVAL/cluster_data/vanilla/sigma_1p00__Df_1p80__N_384/fracval_N384_Df1p80_kf1p20_rpg1p0_rpgstd1p00_agg0_20260731-042755-805973.dat
vanilla,1.0,1.8,384,1.2,1,40699528,True,384,0.0,0,24.515229427556193,-0.5314071819461104,/home/mar/Development/PyFracVAL/cluster_data/vanilla/sigma_1p00__Df_1p80__N_384/fracval_N384_Df1p80_kf1p20_rpg1p0_rpgstd1p00_agg1_20260731-042756-071897.dat
vanilla,1.0,1.8,384,1.2,2,1671087792,True,384,0.0,0,24.515229427556196,-0.531407181946096,/home/mar/Development/PyFracVAL/cluster_data/vanilla/sigma_1p00__Df_1p80__N_384/fracval_N384_Df1p80_kf1p20_rpg1p0_rpgstd1p00_agg2_20260731-042756-394590.dat
vanilla,1.0,1.6,384,1.6,0,1123806999,True,384,0.0,0,30.533958948377563,-0.6538385833968227,/home/mar/Development/PyFracVAL/cluster_data/vanilla/sigma_1p00__Df_1p60__N_384/fracval_N384_Df1p60_kf1p60_rpg1p0_rpgstd1p00_agg0_20260731-042756-530065.dat
vanilla,1.0,1.8,384,1.2,3,1072220982,True,384,0.0,0,24.515229427556196,-0.531407181946096,/home/mar/Development/PyFracVAL/cluster_data/vanilla/sigma_1p00__Df_1p80__N_384/fracval_N384_Df1p80_kf1p20_rpg1p0_rpgstd1p00_agg3_20260731-042756-703515.dat
vanilla,1.0,1.8,384,1.2,4,1676318492,True,384,0.0,0,24.515229427556196,-0.531407181946096,/home/mar/Development/PyFracVAL/cluster_data/vanilla/sigma_1p00__Df_1p80__N_384/fracval_N384_Df1p80_kf1p20_rpg1p0_rpgstd1p00_agg4_20260731-042756-833085.dat
vanilla,1.0,2.0,384,0.6,0,953855351,True,384,0.0,0,24.83668879856991,-1.824367324660194,/home/mar/Development/PyFracVAL/cluster_data/vanilla/sigma_1p00__Df_2p00__N_384/fracval_N384_Df2p00_kf0p60_rpg1p0_rpgstd1p00_agg0_20260731-042757-048991.dat
vanilla,1.0,2.0,384,0.6,1,98069847,True,384,0.0,0,24.836688798569906,-1.8243673246602081,/home/mar/Development/PyFracVAL/cluster_data/vanilla/sigma_1p00__Df_2p00__N_384/fracval_N384_Df2p00_kf0p60_rpg1p0_rpgstd1p00_agg1_20260731-042757-135552.dat
vanilla,1.0,2.0,384,0.6,2,1714194239,True,384,0.0,0,24.836688798569906,-1.8243673246602081,/home/mar/Development/PyFracVAL/cluster_data/vanilla/sigma_1p00__Df_2p00__N_384/fracval_N384_Df2p00_kf0p60_rpg1p0_rpgstd1p00_agg2_20260731-042757-420872.dat
vanilla,1.0,2.0,384,0.6,3,436935593,True,384,0.0,0,24.83668879856991,-1.824367324660194,/home/mar/Development/PyFracVAL/cluster_data/vanilla/sigma_1p00__Df_2p00__N_384/fracval_N384_Df2p00_kf0p60_rpg1p0_rpgstd1p00_agg3_20260731-042757-448484.dat
vanilla,1.0,2.2,384,0.6,0,507172498,True,384,0.0,0,18.768411245117345,-0.48440152756500343,/home/mar/Development/PyFracVAL/cluster_data/vanilla/sigma_1p00__Df_2p20__N_384/fracval_N384_Df2p20_kf0p60_rpg1p0_rpgstd1p00_agg0_20260731-042757-731527.dat
vanilla,1.0,2.0,384,0.6,4,197826650,True,384,0.0,0,24.83668879856991,-1.824367324660194,/home/mar/Development/PyFracVAL/cluster_data/vanilla/sigma_1p00__Df_2p00__N_384/fracval_N384_Df2p00_kf0p60_rpg1p0_rpgstd1p00_agg4_20260731-042757-766407.dat
vanilla,1.0,2.2,384,0.6,2,1724411670,True,384,0.0,0,18.768411245117342,-0.48440152756502225,/home/mar/Development/PyFracVAL/cluster_data/vanilla/sigma_1p00__Df_2p20__N_384/fracval_N384_Df2p20_kf0p60_rpg1p0_rpgstd1p00_agg2_20260731-042758-059193.dat
vanilla,1.0,2.2,384,0.6,1,341549845,True,384,0.0,0,18.768411245117342,-0.48440152756502225,/home/mar/Development/PyFracVAL/cluster_data/vanilla/sigma_1p00__Df_2p20__N_384/fracval_N384_Df2p20_kf0p60_rpg1p0_rpgstd1p00_agg1_20260731-042758-131162.dat
vanilla,1.0,2.2,384,0.6,3,1228121098,True,384,0.0,0,18.768411245117345,-0.48440152756500343,/home/mar/Development/PyFracVAL/cluster_data/vanilla/sigma_1p00__Df_2p20__N_384/fracval_N384_Df2p20_kf0p60_rpg1p0_rpgstd1p00_agg3_20260731-042758-426754.dat
vanilla,1.0,2.2,384,0.6,4,1959344559,True,384,0.0,0,18.768411245117342,-0.48440152756502225,/home/mar/Development/PyFracVAL/cluster_data/vanilla/sigma_1p00__Df_2p20__N_384/fracval_N384_Df2p20_kf0p60_rpg1p0_rpgstd1p00_agg4_20260731-042758-479312.dat
vanilla,1.0,2.4,384,0.6,0,882388983,True,384,0.0,0,15.039131146176313,1.8547039304900808,/home/mar/Development/PyFracVAL/cluster_data/vanilla/sigma_1p00__Df_2p40__N_384/fracval_N384_Df2p40_kf0p60_rpg1p0_rpgstd1p00_agg0_20260731-042758-775645.dat
vanilla,1.0,2.4,384,0.6,1,1737011768,True,384,0.0,0,15.039131146176317,1.8547039304901047,/home/mar/Development/PyFracVAL/cluster_data/vanilla/sigma_1p00__Df_2p40__N_384/fracval_N384_Df2p40_kf0p60_rpg1p0_rpgstd1p00_agg1_20260731-042758-813931.dat
vanilla,1.0,2.4,384,0.6,2,1411902171,True,384,0.0,0,15.039131146176313,1.8547039304900808,/home/mar/Development/PyFracVAL/cluster_data/vanilla/sigma_1p00__Df_2p40__N_384/fracval_N384_Df2p40_kf0p60_rpg1p0_rpgstd1p00_agg2_20260731-042759-158288.dat
vanilla,1.0,2.4,384,0.6,3,1167448754,True,384,0.0,0,15.039131146176313,1.8547039304900808,/home/mar/Development/PyFracVAL/cluster_data/vanilla/sigma_1p00__Df_2p40__N_384/fracval_N384_Df2p40_kf0p60_rpg1p0_rpgstd1p00_agg3_20260731-042759-230755.dat
vanilla,1.0,2.4,384,0.6,4,673160990,True,384,0.0,0,15.039131146176313,1.8547039304900808,/home/mar/Development/PyFracVAL/cluster_data/vanilla/sigma_1p00__Df_2p40__N_384/fracval_N384_Df2p40_kf0p60_rpg1p0_rpgstd1p00_agg4_20260731-042759-539008.dat
vanilla,1.25,1.6,384,1.6,0,1866125992,True,384,0.0,0,30.57162717706373,-0.6662878076012586,/home/mar/Development/PyFracVAL/cluster_data/vanilla/sigma_1p25__Df_1p60__N_384/fracval_N384_Df1p60_kf1p60_rpg1p0_rpgstd1p25_agg0_20260731-042820-384047.dat
vanilla,1.25,1.6,384,1.6,3,1118633845,True,384,0.0,0,30.446097282344862,-0.6552454087665861,/home/mar/Development/PyFracVAL/cluster_data/vanilla/sigma_1p25__Df_1p60__N_384/fracval_N384_Df1p60_kf1p60_rpg1p0_rpgstd1p25_agg3_20260731-042820-693502.dat
vanilla,1.25,1.6,384,1.6,4,265155154,True,384,0.0,0,30.82121207966921,-0.6662506027267934,/home/mar/Development/PyFracVAL/cluster_data/vanilla/sigma_1p25__Df_1p60__N_384/fracval_N384_Df1p60_kf1p60_rpg1p0_rpgstd1p25_agg4_20260731-042821-028756.dat
vanilla,1.25,1.6,384,1.6,1,1548483834,True,384,0.0,0,30.437581290838803,-0.727094847363638,/home/mar/Development/PyFracVAL/cluster_data/vanilla/sigma_1p25__Df_1p60__N_384/fracval_N384_Df1p60_kf1p60_rpg1p0_rpgstd1p25_agg1_20260731-042821-195427.dat
vanilla,1.25,1.8,384,1.6,0,516613720,True,384,0.0,0,21.27641224006201,0.5284250680489249,/home/mar/Development/PyFracVAL/cluster_data/vanilla/sigma_1p25__Df_1p80__N_384/fracval_N384_Df1p80_kf1p60_rpg1p0_rpgstd1p25_agg0_20260731-042821-351557.dat
vanilla,1.25,1.8,384,1.6,1,639912467,True,384,0.0,0,21.018010509098065,0.547804316873107,/home/mar/Development/PyFracVAL/cluster_data/vanilla/sigma_1p25__Df_1p80__N_384/fracval_N384_Df1p80_kf1p60_rpg1p0_rpgstd1p25_agg1_20260731-042821-525774.dat
vanilla,1.25,1.8,384,1.6,2,1730744186,True,384,0.0,0,21.547045087794263,0.6874970270474668,/home/mar/Development/PyFracVAL/cluster_data/vanilla/sigma_1p25__Df_1p80__N_384/fracval_N384_Df1p80_kf1p60_rpg1p0_rpgstd1p25_agg2_20260731-042821-726017.dat
vanilla,1.25,1.8,384,1.6,3,714528485,True,384,0.0,0,21.011173668487867,0.6520194077968465,/home/mar/Development/PyFracVAL/cluster_data/vanilla/sigma_1p25__Df_1p80__N_384/fracval_N384_Df1p80_kf1p60_rpg1p0_rpgstd1p25_agg3_20260731-042821-883323.dat
vanilla,1.25,1.8,384,1.6,4,1962140322,True,384,0.0,0,21.077814311245547,0.680389265409463,/home/mar/Development/PyFracVAL/cluster_data/vanilla/sigma_1p25__Df_1p80__N_384/fracval_N384_Df1p80_kf1p60_rpg1p0_rpgstd1p25_agg4_20260731-042822-076618.dat
vanilla,1.25,2.0,384,1.0,0,1800384964,True,384,0.0,0,19.63139925013279,0.2745168738167402,/home/mar/Development/PyFracVAL/cluster_data/vanilla/sigma_1p25__Df_2p00__N_384/fracval_N384_Df2p00_kf1p00_rpg1p0_rpgstd1p25_agg0_20260731-042822-284779.dat
vanilla,1.25,2.0,384,1.0,1,854300254,True,384,0.0,0,19.686869996068253,0.3649367584369235,/home/mar/Development/PyFracVAL/cluster_data/vanilla/sigma_1p25__Df_2p00__N_384/fracval_N384_Df2p00_kf1p00_rpg1p0_rpgstd1p25_agg1_20260731-042822-454002.dat
vanilla,1.25,2.0,384,1.0,2,1415079876,True,384,0.0,0,19.74897913207281,0.19600702489877422,/home/mar/Development/PyFracVAL/cluster_data/vanilla/sigma_1p25__Df_2p00__N_384/fracval_N384_Df2p00_kf1p00_rpg1p0_rpgstd1p25_agg2_20260731-042822-627029.dat
vanilla,1.25,2.0,384,1.0,3,1077186851,True,384,0.0,0,19.645926723385564,0.11452037343503461,/home/mar/Development/PyFracVAL/cluster_data/vanilla/sigma_1p25__Df_2p00__N_384/fracval_N384_Df2p00_kf1p00_rpg1p0_rpgstd1p25_agg3_20260731-042822-784045.dat
vanilla,1.25,2.2,384,1.6,0,962797357,True,384,0.0,0,13.055083222310685,7.17761574941803,/home/mar/Development/PyFracVAL/cluster_data/vanilla/sigma_1p25__Df_2p20__N_384/fracval_N384_Df2p20_kf1p60_rpg1p0_rpgstd1p25_agg0_20260731-042823-696049.dat
vanilla,1.25,2.2,384,1.6,1,683627487,True,384,0.0,0,12.849365169739425,7.067149337108009,/home/mar/Development/PyFracVAL/cluster_data/vanilla/sigma_1p25__Df_2p20__N_384/fracval_N384_Df2p20_kf1p60_rpg1p0_rpgstd1p25_agg1_20260731-042823-742974.dat
vanilla,1.25,2.2,384,1.6,2,1365007686,True,384,0.0,0,12.989176104552389,7.048773712040353,/home/mar/Development/PyFracVAL/cluster_data/vanilla/sigma_1p25__Df_2p20__N_384/fracval_N384_Df2p20_kf1p60_rpg1p0_rpgstd1p25_agg2_20260731-042824-293005.dat
vanilla,1.25,1.6,384,1.6,2,1590467028,True,384,0.0,0,30.39749493787328,-0.6682361771370269,/home/mar/Development/PyFracVAL/cluster_data/vanilla/sigma_1p25__Df_1p60__N_384/fracval_N384_Df1p60_kf1p60_rpg1p0_rpgstd1p25_agg2_20260731-042824-399452.dat
vanilla,1.25,2.2,384,1.6,3,930488457,True,384,0.0,0,13.069827964505889,7.30457858046761,/home/mar/Development/PyFracVAL/cluster_data/vanilla/sigma_1p25__Df_2p20__N_384/fracval_N384_Df2p20_kf1p60_rpg1p0_rpgstd1p25_agg3_20260731-042824-839821.dat
vanilla,1.25,2.0,384,1.0,4,754025734,True,384,0.0,0,19.417788580784492,0.36340960332206546,/home/mar/Development/PyFracVAL/cluster_data/vanilla/sigma_1p25__Df_2p00__N_384/fracval_N384_Df2p00_kf1p00_rpg1p0_rpgstd1p25_agg4_20260731-042829-309061.dat
vanilla,1.25,2.2,384,1.6,4,338871760,True,384,0.0,0,13.174647519337732,7.2805428737794955,/home/mar/Development/PyFracVAL/cluster_data/vanilla/sigma_1p25__Df_2p20__N_384/fracval_N384_Df2p20_kf1p60_rpg1p0_rpgstd1p25_agg4_20260731-042831-501648.dat
vanilla,1.0,2.6,384,0.8,1,149050554,True,384,0.0,0,11.651599820916315,8.427371676307592,/home/mar/Development/PyFracVAL/cluster_data/vanilla/sigma_1p00__Df_2p60__N_384/fracval_N384_Df2p60_kf0p80_rpg1p0_rpgstd1p00_agg1_20260731-042832-939947.dat
vanilla,1.0,1.6,384,1.6,1,860469677,True,384,0.0,0,30.533958948377567,-0.6538385833968111,/home/mar/Development/PyFracVAL/cluster_data/vanilla/sigma_1p00__Df_1p60__N_384/fracval_N384_Df1p60_kf1p60_rpg1p0_rpgstd1p00_agg1_20260731-042838-615685.dat
vanilla,1.5,1.6,384,1.4,1,1799160346,True,384,0.0,0,31.40256750354799,-0.9882392526644647,/home/mar/Development/PyFracVAL/cluster_data/vanilla/sigma_1p50__Df_1p60__N_384/fracval_N384_Df1p60_kf1p40_rpg1p0_rpgstd1p50_agg1_20260731-042838-993873.dat
vanilla,1.5,1.6,384,1.4,3,779870761,True,384,0.0,0,33.921720962389806,-1.0577000059194392,/home/mar/Development/PyFracVAL/cluster_data/vanilla/sigma_1p50__Df_1p60__N_384/fracval_N384_Df1p60_kf1p40_rpg1p0_rpgstd1p50_agg3_20260731-042839-384129.dat
vanilla,1.5,1.6,384,1.4,4,108662270,True,384,0.0,0,33.269864733669024,-1.0483812956254124,/home/mar/Development/PyFracVAL/cluster_data/vanilla/sigma_1p50__Df_1p60__N_384/fracval_N384_Df1p60_kf1p40_rpg1p0_rpgstd1p50_agg4_20260731-042839-895098.dat
vanilla,1.5,1.8,384,1.4,0,623707244,True,384,0.0,0,22.859248435214518,-0.046574628601282704,/home/mar/Development/PyFracVAL/cluster_data/vanilla/sigma_1p50__Df_1p80__N_384/fracval_N384_Df1p80_kf1p40_rpg1p0_rpgstd1p50_agg0_20260731-042840-737122.dat
vanilla,1.5,1.8,384,1.4,2,2110618646,True,384,0.0,0,22.515130791774016,-0.09436858438108692,/home/mar/Development/PyFracVAL/cluster_data/vanilla/sigma_1p50__Df_1p80__N_384/fracval_N384_Df1p80_kf1p40_rpg1p0_rpgstd1p50_agg2_20260731-042841-114739.dat
vanilla,1.5,1.8,384,1.4,4,1575498616,True,384,0.0,0,21.99736713877685,0.024811343487259545,/home/mar/Development/PyFracVAL/cluster_data/vanilla/sigma_1p50__Df_1p80__N_384/fracval_N384_Df1p80_kf1p40_rpg1p0_rpgstd1p50_agg4_20260731-042842-008049.dat
vanilla,1.5,2.0,384,0.6,0,1847654537,True,384,0.0,0,24.629900413008652,-2.038857139852307,/home/mar/Development/PyFracVAL/cluster_data/vanilla/sigma_1p50__Df_2p00__N_384/fracval_N384_Df2p00_kf0p60_rpg1p0_rpgstd1p50_agg0_20260731-042842-699693.dat
vanilla,1.5,2.0,384,0.6,1,1357807139,True,384,0.0,0,25.200110239279464,-1.8952205177981112,/home/mar/Development/PyFracVAL/cluster_data/vanilla/sigma_1p50__Df_2p00__N_384/fracval_N384_Df2p00_kf0p60_rpg1p0_rpgstd1p50_agg1_20260731-042843-443866.dat
vanilla,1.5,2.0,384,0.6,4,847916136,True,384,0.0,0,24.879732865325725,-1.9387100516819153,/home/mar/Development/PyFracVAL/cluster_data/vanilla/sigma_1p50__Df_2p00__N_384/fracval_N384_Df2p00_kf0p60_rpg1p0_rpgstd1p50_agg4_20260731-042844-377471.dat
vanilla,1.5,2.2,384,0.6,1,438633130,True,384,0.0,0,19.24660707976191,-0.8139894427103069,/home/mar/Development/PyFracVAL/cluster_data/vanilla/sigma_1p50__Df_2p20__N_384/fracval_N384_Df2p20_kf0p60_rpg1p0_rpgstd1p50_agg1_20260731-042845-039974.dat
vanilla,1.5,2.2,384,0.6,2,70544713,True,384,0.0,0,18.6309476007057,-0.7857397296298536,/home/mar/Development/PyFracVAL/cluster_data/vanilla/sigma_1p50__Df_2p20__N_384/fracval_N384_Df2p20_kf0p60_rpg1p0_rpgstd1p50_agg2_20260731-042845-590025.dat
vanilla,1.5,2.2,384,0.6,3,855107373,True,384,0.0,0,19.16974409770814,-0.42200188602782746,/home/mar/Development/PyFracVAL/cluster_data/vanilla/sigma_1p50__Df_2p20__N_384/fracval_N384_Df2p20_kf0p60_rpg1p0_rpgstd1p50_agg3_20260731-042846-114595.dat
vanilla,1.5,2.2,384,0.6,4,474668776,True,384,0.0,0,18.06881828857553,-0.5853546680176733,/home/mar/Development/PyFracVAL/cluster_data/vanilla/sigma_1p50__Df_2p20__N_384/fracval_N384_Df2p20_kf0p60_rpg1p0_rpgstd1p50_agg4_20260731-042846-864895.dat
vanilla,1.5,1.6,384,1.4,2,1760435989,True,384,0.0,0,33.32688888916361,-0.9389564051404811,/home/mar/Development/PyFracVAL/cluster_data/vanilla/sigma_1p50__Df_1p60__N_384/fracval_N384_Df1p60_kf1p40_rpg1p0_rpgstd1p50_agg2_20260731-042849-524946.dat
vanilla,1.5,2.0,384,0.6,2,79700139,True,384,0.0,0,25.429537801752137,-1.775457227267361,/home/mar/Development/PyFracVAL/cluster_data/vanilla/sigma_1p50__Df_2p00__N_384/fracval_N384_Df2p00_kf0p60_rpg1p0_rpgstd1p50_agg2_20260731-042851-483472.dat
vanilla,1.0,2.6,384,0.8,0,1088486001,True,384,0.0,0,11.651599820916312,8.427371676307558,/home/mar/Development/PyFracVAL/cluster_data/vanilla/sigma_1p00__Df_2p60__N_384/fracval_N384_Df2p60_kf0p80_rpg1p0_rpgstd1p00_agg0_20260731-042852-879153.dat
vanilla,1.0,2.6,384,0.8,2,1206463754,True,384,0.0,0,11.651599820916315,8.427371676307592,/home/mar/Development/PyFracVAL/cluster_data/vanilla/sigma_1p00__Df_2p60__N_384/fracval_N384_Df2p60_kf0p80_rpg1p0_rpgstd1p00_agg2_20260731-042859-194368.dat
vanilla,1.5,2.4,384,1.0,3,2058607840,True,384,0.0,0,12.863216943619948,6.330898377339114,/home/mar/Development/PyFracVAL/cluster_data/vanilla/sigma_1p50__Df_2p40__N_384/fracval_N384_Df2p40_kf1p00_rpg1p0_rpgstd1p50_agg3_20260731-042903-551845.dat
vanilla,1.5,2.4,384,1.0,4,422437950,True,384,0.0,0,12.826610809792385,6.156538832341734,/home/mar/Development/PyFracVAL/cluster_data/vanilla/sigma_1p50__Df_2p40__N_384/fracval_N384_Df2p40_kf1p00_rpg1p0_rpgstd1p50_agg4_20260731-042907-701189.dat
vanilla,1.0,2.6,384,0.8,4,638519972,True,384,0.0,0,11.651599820916315,8.427371676307592,/home/mar/Development/PyFracVAL/cluster_data/vanilla/sigma_1p00__Df_2p60__N_384/fracval_N384_Df2p60_kf0p80_rpg1p0_rpgstd1p00_agg4_20260731-042913-434853.dat
vanilla,1.5,2.4,384,1.0,0,2129335182,True,384,0.0,0,12.486906283553344,6.549289363158034,/home/mar/Development/PyFracVAL/cluster_data/vanilla/sigma_1p50__Df_2p40__N_384/fracval_N384_Df2p40_kf1p00_rpg1p0_rpgstd1p50_agg0_20260731-042915-241028.dat
vanilla,1.5,2.4,384,1.0,2,224709870,True,384,0.0,0,12.51776729684087,6.31396444391878,/home/mar/Development/PyFracVAL/cluster_data/vanilla/sigma_1p50__Df_2p40__N_384/fracval_N384_Df2p40_kf1p00_rpg1p0_rpgstd1p50_agg2_20260731-042920-590141.dat
vanilla,1.0,1.6,512,1.4,1,44301532,True,512,0.0,0,39.58538700508723,-1.0145887305512873,/home/mar/Development/PyFracVAL/cluster_data/vanilla/sigma_1p00__Df_1p60__N_512/fracval_N512_Df1p60_kf1p40_rpg1p0_rpgstd1p00_agg1_20260731-042921-091456.dat
vanilla,1.0,1.6,512,1.4,3,1389608148,True,512,0.0,0,39.585387005087235,-1.0145887305512695,/home/mar/Development/PyFracVAL/cluster_data/vanilla/sigma_1p00__Df_1p60__N_512/fracval_N512_Df1p60_kf1p40_rpg1p0_rpgstd1p00_agg3_20260731-042921-504317.dat
vanilla,1.0,1.6,512,1.4,4,1886404121,True,512,0.0,0,39.585387005087235,-1.0145887305512695,/home/mar/Development/PyFracVAL/cluster_data/vanilla/sigma_1p00__Df_1p60__N_512/fracval_N512_Df1p60_kf1p40_rpg1p0_rpgstd1p00_agg4_20260731-042921-951705.dat
vanilla,1.0,1.8,512,1.2,0,109026788,True,512,0.0,0,28.768932142194164,-0.5136850237955486,/home/mar/Development/PyFracVAL/cluster_data/vanilla/sigma_1p00__Df_1p80__N_512/fracval_N512_Df1p80_kf1p20_rpg1p0_rpgstd1p00_agg0_20260731-042922-413776.dat
vanilla,1.0,1.8,512,1.2,1,708255179,True,512,0.0,0,28.768932142194164,-0.5136850237955486,/home/mar/Development/PyFracVAL/cluster_data/vanilla/sigma_1p00__Df_1p80__N_512/fracval_N512_Df1p80_kf1p20_rpg1p0_rpgstd1p00_agg1_20260731-042922-906658.dat
vanilla,1.0,1.8,512,1.2,2,1665683102,True,512,0.0,0,28.768932142194164,-0.5136850237955486,/home/mar/Development/PyFracVAL/cluster_data/vanilla/sigma_1p00__Df_1p80__N_512/fracval_N512_Df1p80_kf1p20_rpg1p0_rpgstd1p00_agg2_20260731-042923-332813.dat
vanilla,1.0,1.8,512,1.2,3,1711546645,True,512,0.0,0,28.76893214219416,-0.5136850237955608,/home/mar/Development/PyFracVAL/cluster_data/vanilla/sigma_1p00__Df_1p80__N_512/fracval_N512_Df1p80_kf1p20_rpg1p0_rpgstd1p00_agg3_20260731-042923-794902.dat
vanilla,1.0,1.8,512,1.2,4,1827387975,True,512,0.0,0,28.76893214219416,-0.5136850237955608,/home/mar/Development/PyFracVAL/cluster_data/vanilla/sigma_1p00__Df_1p80__N_512/fracval_N512_Df1p80_kf1p20_rpg1p0_rpgstd1p00_agg4_20260731-042924-230327.dat
vanilla,1.0,2.0,512,1.4,0,1356623588,True,512,0.0,0,19.594731207037263,2.463302072549224,/home/mar/Development/PyFracVAL/cluster_data/vanilla/sigma_1p00__Df_2p00__N_512/fracval_N512_Df2p00_kf1p40_rpg1p0_rpgstd1p00_agg0_20260731-042924-737445.dat
vanilla,1.0,2.0,512,1.4,1,213078976,True,512,0.0,0,19.594731207037267,2.4633020725492427,/home/mar/Development/PyFracVAL/cluster_data/vanilla/sigma_1p00__Df_2p00__N_512/fracval_N512_Df2p00_kf1p40_rpg1p0_rpgstd1p00_agg1_20260731-042925-247442.dat
vanilla,1.0,2.0,512,1.4,2,411348517,True,512,0.0,0,19.594731207037267,2.4633020725492427,/home/mar/Development/PyFracVAL/cluster_data/vanilla/sigma_1p00__Df_2p00__N_512/fracval_N512_Df2p00_kf1p40_rpg1p0_rpgstd1p00_agg2_20260731-042925-826438.dat
vanilla,1.0,2.0,512,1.4,3,1388109334,True,512,0.0,0,19.594731207037267,2.4633020725492427,/home/mar/Development/PyFracVAL/cluster_data/vanilla/sigma_1p00__Df_2p00__N_512/fracval_N512_Df2p00_kf1p40_rpg1p0_rpgstd1p00_agg3_20260731-042926-363420.dat
vanilla,1.5,1.8,384,1.4,3,913387779,True,384,0.0,0,23.14586915162124,0.15107532860683426,/home/mar/Development/PyFracVAL/cluster_data/vanilla/sigma_1p50__Df_1p80__N_384/fracval_N384_Df1p80_kf1p40_rpg1p0_rpgstd1p50_agg3_20260731-042926-459589.dat
vanilla,1.0,2.0,512,1.4,4,915638801,True,512,0.0,0,19.594731207037267,2.4633020725492427,/home/mar/Development/PyFracVAL/cluster_data/vanilla/sigma_1p00__Df_2p00__N_512/fracval_N512_Df2p00_kf1p40_rpg1p0_rpgstd1p00_agg4_20260731-042926-938659.dat
vanilla,1.0,2.2,512,0.6,0,1549649779,True,512,0.0,0,21.46007606621377,-0.16000045104326344,/home/mar/Development/PyFracVAL/cluster_data/vanilla/sigma_1p00__Df_2p20__N_512/fracval_N512_Df2p20_kf0p60_rpg1p0_rpgstd1p00_agg0_20260731-042926-976393.dat
vanilla,1.0,2.2,512,0.6,2,1170547865,True,512,0.0,0,21.46007606621377,-0.16000045104326344,/home/mar/Development/PyFracVAL/cluster_data/vanilla/sigma_1p00__Df_2p20__N_512/fracval_N512_Df2p20_kf0p60_rpg1p0_rpgstd1p00_agg2_20260731-042927-506120.dat
vanilla,1.0,2.2,512,0.6,1,699258215,True,512,0.0,0,21.460076066213773,-0.1600004510432469,/home/mar/Development/PyFracVAL/cluster_data/vanilla/sigma_1p00__Df_2p20__N_512/fracval_N512_Df2p20_kf0p60_rpg1p0_rpgstd1p00_agg1_20260731-042927-540130.dat
vanilla,1.0,2.2,512,0.6,3,124939182,True,512,0.0,0,21.460076066213773,-0.1600004510432469,/home/mar/Development/PyFracVAL/cluster_data/vanilla/sigma_1p00__Df_2p20__N_512/fracval_N512_Df2p20_kf0p60_rpg1p0_rpgstd1p00_agg3_20260731-042928-024147.dat
vanilla,1.0,2.2,512,0.6,4,725041538,True,512,0.0,0,21.46007606621377,-0.16000045104326344,/home/mar/Development/PyFracVAL/cluster_data/vanilla/sigma_1p00__Df_2p20__N_512/fracval_N512_Df2p20_kf0p60_rpg1p0_rpgstd1p00_agg4_20260731-042928-054090.dat
vanilla,1.5,1.8,384,1.4,1,186441396,True,384,0.0,0,22.62961006893002,0.08608101766578581,/home/mar/Development/PyFracVAL/cluster_data/vanilla/sigma_1p50__Df_1p80__N_384/fracval_N384_Df1p80_kf1p40_rpg1p0_rpgstd1p50_agg1_20260731-042932-083882.dat
vanilla,1.0,2.4,512,1.2,1,1409504289,True,512,0.0,0,13.667759666310133,9.604159412864146,/home/mar/Development/PyFracVAL/cluster_data/vanilla/sigma_1p00__Df_2p40__N_512/fracval_N512_Df2p40_kf1p20_rpg1p0_rpgstd1p00_agg1_20260731-042932-250898.dat
vanilla,1.0,2.6,384,0.8,3,1582890257,True,384,0.0,0,11.651599820916315,8.427371676307592,/home/mar/Development/PyFracVAL/cluster_data/vanilla/sigma_1p00__Df_2p60__N_384/fracval_N384_Df2p60_kf0p80_rpg1p0_rpgstd1p00_agg3_20260731-042932-688328.dat
vanilla,1.5,2.2,384,0.6,0,1558620494,True,384,0.0,0,18.912169629105406,-0.5608125205249546,/home/mar/Development/PyFracVAL/cluster_data/vanilla/sigma_1p50__Df_2p20__N_384/fracval_N384_Df2p20_kf0p60_rpg1p0_rpgstd1p50_agg0_20260731-042933-193617.dat
vanilla,1.5,2.4,384,1.0,1,1401013696,True,384,0.0,0,13.050920453504771,6.161647838920926,/home/mar/Development/PyFracVAL/cluster_data/vanilla/sigma_1p50__Df_2p40__N_384/fracval_N384_Df2p40_kf1p00_rpg1p0_rpgstd1p50_agg1_20260731-042936-270688.dat
vanilla,1.0,1.6,512,1.4,2,1922949512,True,512,0.0,0,39.585387005087235,-1.0145887305512695,/home/mar/Development/PyFracVAL/cluster_data/vanilla/sigma_1p00__Df_1p60__N_512/fracval_N512_Df1p60_kf1p40_rpg1p0_rpgstd1p00_agg2_20260731-042936-727001.dat
vanilla,1.0,2.4,512,1.2,4,1978189987,True,512,0.0,0,13.667759666310133,9.604159412864146,/home/mar/Development/PyFracVAL/cluster_data/vanilla/sigma_1p00__Df_2p40__N_512/fracval_N512_Df2p40_kf1p20_rpg1p0_rpgstd1p00_agg4_20260731-042937-695195.dat
vanilla,1.0,2.4,512,1.2,0,1307412039,True,512,0.0,0,13.667759666310129,9.604159412864117,/home/mar/Development/PyFracVAL/cluster_data/vanilla/sigma_1p00__Df_2p40__N_512/fracval_N512_Df2p40_kf1p20_rpg1p0_rpgstd1p00_agg0_20260731-042939-420672.dat
vanilla,1.0,2.4,512,1.2,3,288621524,True,512,0.0,0,13.667759666310129,9.604159412864117,/home/mar/Development/PyFracVAL/cluster_data/vanilla/sigma_1p00__Df_2p40__N_512/fracval_N512_Df2p40_kf1p20_rpg1p0_rpgstd1p00_agg3_20260731-042940-479448.dat
vanilla,1.25,1.8,512,1.0,1,1178483337,True,512,0.0,0,31.711891404916045,-1.1327455475496828,/home/mar/Development/PyFracVAL/cluster_data/vanilla/sigma_1p25__Df_1p80__N_512/fracval_N512_Df1p80_kf1p00_rpg1p0_rpgstd1p25_agg1_20260731-042952-375373.dat
vanilla,1.25,1.8,512,1.0,2,518422985,True,512,0.0,0,31.815957566969754,-1.123836448354601,/home/mar/Development/PyFracVAL/cluster_data/vanilla/sigma_1p25__Df_1p80__N_512/fracval_N512_Df1p80_kf1p00_rpg1p0_rpgstd1p25_agg2_20260731-042952-866667.dat
vanilla,1.5,2.0,384,0.6,3,1688422661,True,384,0.0,0,24.047298469005565,-1.8614801415806719,/home/mar/Development/PyFracVAL/cluster_data/vanilla/sigma_1p50__Df_2p00__N_384/fracval_N384_Df2p00_kf0p60_rpg1p0_rpgstd1p50_agg3_20260731-042953-274033.dat
vanilla,1.25,1.8,512,1.0,3,1922526497,True,512,0.0,0,31.73949238307142,-1.1728931097626691,/home/mar/Development/PyFracVAL/cluster_data/vanilla/sigma_1p25__Df_1p80__N_512/fracval_N512_Df1p80_kf1p00_rpg1p0_rpgstd1p25_agg3_20260731-042953-296545.dat
vanilla,1.25,2.0,512,0.8,0,435108836,True,512,0.0,0,24.886505814857312,-0.8357942923198753,/home/mar/Development/PyFracVAL/cluster_data/vanilla/sigma_1p25__Df_2p00__N_512/fracval_N512_Df2p00_kf0p80_rpg1p0_rpgstd1p25_agg0_20260731-042953-856661.dat
vanilla,1.25,1.8,512,1.0,4,887822004,True,512,0.0,0,31.41234076112946,-1.1703908436157298,/home/mar/Development/PyFracVAL/cluster_data/vanilla/sigma_1p25__Df_1p80__N_512/fracval_N512_Df1p80_kf1p00_rpg1p0_rpgstd1p25_agg4_20260731-042953-901374.dat
vanilla,1.25,2.0,512,0.8,1,1455024074,True,512,0.0,0,25.363184051421385,-0.501193316588211,/home/mar/Development/PyFracVAL/cluster_data/vanilla/sigma_1p25__Df_2p00__N_512/fracval_N512_Df2p00_kf0p80_rpg1p0_rpgstd1p25_agg1_20260731-042954-451276.dat
vanilla,1.25,2.0,512,0.8,2,728524999,True,512,0.0,0,25.294165714136142,-0.7003917249850323,/home/mar/Development/PyFracVAL/cluster_data/vanilla/sigma_1p25__Df_2p00__N_512/fracval_N512_Df2p00_kf0p80_rpg1p0_rpgstd1p25_agg2_20260731-042954-488180.dat
vanilla,1.25,2.0,512,0.8,4,498878004,True,512,0.0,0,25.159227890811895,-0.5862283990968971,/home/mar/Development/PyFracVAL/cluster_data/vanilla/sigma_1p25__Df_2p00__N_512/fracval_N512_Df2p00_kf0p80_rpg1p0_rpgstd1p25_agg4_20260731-042955-021094.dat
vanilla,1.25,2.0,512,0.8,3,1711071264,True,512,0.0,0,25.356581682748413,-0.6113373455954589,/home/mar/Development/PyFracVAL/cluster_data/vanilla/sigma_1p25__Df_2p00__N_512/fracval_N512_Df2p00_kf0p80_rpg1p0_rpgstd1p25_agg3_20260731-042955-200443.dat
vanilla,1.25,2.2,512,1.2,1,1069125391,True,512,0.0,0,16.416985010535736,4.927107469210244,/home/mar/Development/PyFracVAL/cluster_data/vanilla/sigma_1p25__Df_2p20__N_512/fracval_N512_Df2p20_kf1p20_rpg1p0_rpgstd1p25_agg1_20260731-042955-879592.dat
vanilla,1.25,2.2,512,1.2,0,462785243,True,512,0.0,0,16.486130621468938,4.715957654117794,/home/mar/Development/PyFracVAL/cluster_data/vanilla/sigma_1p25__Df_2p20__N_512/fracval_N512_Df2p20_kf1p20_rpg1p0_rpgstd1p25_agg0_20260731-042955-929514.dat
vanilla,1.0,2.4,512,1.2,2,1628327660,True,512,0.0,0,13.667759666310127,9.604159412864103,/home/mar/Development/PyFracVAL/cluster_data/vanilla/sigma_1p00__Df_2p40__N_512/fracval_N512_Df2p40_kf1p20_rpg1p0_rpgstd1p00_agg2_20260731-042956-370106.dat
vanilla,1.25,2.2,512,1.2,2,1116784778,True,512,0.0,0,16.373177290747606,4.6373185281929965,/home/mar/Development/PyFracVAL/cluster_data/vanilla/sigma_1p25__Df_2p20__N_512/fracval_N512_Df2p20_kf1p20_rpg1p0_rpgstd1p25_agg2_20260731-042956-733707.dat
vanilla,1.25,2.2,512,1.2,3,204830912,True,512,0.0,0,16.646044263044775,4.683557142654176,/home/mar/Development/PyFracVAL/cluster_data/vanilla/sigma_1p25__Df_2p20__N_512/fracval_N512_Df2p20_kf1p20_rpg1p0_rpgstd1p25_agg3_20260731-042957-235751.dat
vanilla,1.25,2.2,512,1.2,4,63548849,True,512,0.0,0,16.37594296535802,4.857331124972161,/home/mar/Development/PyFracVAL/cluster_data/vanilla/sigma_1p25__Df_2p20__N_512/fracval_N512_Df2p20_kf1p20_rpg1p0_rpgstd1p25_agg4_20260731-042957-635096.dat
vanilla,1.5,1.6,384,1.4,0,277726500,True,384,0.0,0,32.630488257658435,-1.0970782232857883,/home/mar/Development/PyFracVAL/cluster_data/vanilla/sigma_1p50__Df_1p60__N_384/fracval_N384_Df1p60_kf1p40_rpg1p0_rpgstd1p50_agg0_20260731-043015-336094.dat
vanilla,1.25,2.6,512,0.6,2,126432952,True,512,0.0,0,14.258598892220101,6.293453893027126,/home/mar/Development/PyFracVAL/cluster_data/vanilla/sigma_1p25__Df_2p60__N_512/fracval_N512_Df2p60_kf0p60_rpg1p0_rpgstd1p25_agg2_20260731-043025-055155.dat
vanilla,1.25,2.6,512,0.6,3,1442823717,True,512,0.0,0,14.223657926721954,5.927485780205247,/home/mar/Development/PyFracVAL/cluster_data/vanilla/sigma_1p25__Df_2p60__N_512/fracval_N512_Df2p60_kf0p60_rpg1p0_rpgstd1p25_agg3_20260731-043030-325580.dat
vanilla,1.5,1.6,512,1.8,0,1443158658,True,512,0.0,0,34.620275210743216,-0.5295708757163893,/home/mar/Development/PyFracVAL/cluster_data/vanilla/sigma_1p50__Df_1p60__N_512/fracval_N512_Df1p60_kf1p80_rpg1p0_rpgstd1p50_agg0_20260731-043042-997702.dat
vanilla,1.5,1.6,512,1.8,2,1594449348,True,512,0.0,0,34.5985797749393,-0.41087620720519147,/home/mar/Development/PyFracVAL/cluster_data/vanilla/sigma_1p50__Df_1p60__N_512/fracval_N512_Df1p60_kf1p80_rpg1p0_rpgstd1p50_agg2_20260731-043043-601205.dat
vanilla,1.5,1.6,512,1.8,4,955896875,True,512,0.0,0,34.160230738495706,-0.41727657170682914,/home/mar/Development/PyFracVAL/cluster_data/vanilla/sigma_1p50__Df_1p60__N_512/fracval_N512_Df1p60_kf1p80_rpg1p0_rpgstd1p50_agg4_20260731-043044-207760.dat
vanilla,1.0,1.6,512,1.4,0,1296731726,True,512,0.0,0,39.58538700508723,-1.0145887305512873,/home/mar/Development/PyFracVAL/cluster_data/vanilla/sigma_1p00__Df_1p60__N_512/fracval_N512_Df1p60_kf1p40_rpg1p0_rpgstd1p00_agg0_20260731-043044-764619.dat
vanilla,1.5,1.8,512,1.4,0,1645225846,True,512,0.0,0,25.83249430323946,-0.07512387646266383,/home/mar/Development/PyFracVAL/cluster_data/vanilla/sigma_1p50__Df_1p80__N_512/fracval_N512_Df1p80_kf1p40_rpg1p0_rpgstd1p50_agg0_20260731-043045-241858.dat
vanilla,1.5,1.8,512,1.4,2,1860077810,True,512,0.0,0,26.312222971914792,-0.07968196900665864,/home/mar/Development/PyFracVAL/cluster_data/vanilla/sigma_1p50__Df_1p80__N_512/fracval_N512_Df1p80_kf1p40_rpg1p0_rpgstd1p50_agg2_20260731-043045-431524.dat
vanilla,1.5,1.8,512,1.4,1,48463288,True,512,0.0,0,26.478620947825835,0.1612811804078675,/home/mar/Development/PyFracVAL/cluster_data/vanilla/sigma_1p50__Df_1p80__N_512/fracval_N512_Df1p80_kf1p40_rpg1p0_rpgstd1p50_agg1_20260731-043045-811621.dat
vanilla,1.5,1.8,512,1.4,3,1646054781,True,512,0.0,0,26.860758800992944,0.11957480730512646,/home/mar/Development/PyFracVAL/cluster_data/vanilla/sigma_1p50__Df_1p80__N_512/fracval_N512_Df1p80_kf1p40_rpg1p0_rpgstd1p50_agg3_20260731-043046-243503.dat
vanilla,1.5,1.8,512,1.4,4,1858583596,True,512,0.0,0,26.947501535257558,-0.004212904499647417,/home/mar/Development/PyFracVAL/cluster_data/vanilla/sigma_1p50__Df_1p80__N_512/fracval_N512_Df1p80_kf1p40_rpg1p0_rpgstd1p50_agg4_20260731-043046-530775.dat
vanilla,1.5,2.0,512,1.2,0,1990064961,True,512,0.0,0,20.230351540489487,1.2201927984478267,/home/mar/Development/PyFracVAL/cluster_data/vanilla/sigma_1p50__Df_2p00__N_512/fracval_N512_Df2p00_kf1p20_rpg1p0_rpgstd1p50_agg0_20260731-043047-210253.dat
vanilla,1.5,2.0,512,1.2,1,483561201,True,512,0.0,0,20.670719823892853,1.076341726605246,/home/mar/Development/PyFracVAL/cluster_data/vanilla/sigma_1p50__Df_2p00__N_512/fracval_N512_Df2p00_kf1p20_rpg1p0_rpgstd1p50_agg1_20260731-043047-269560.dat
vanilla,1.5,2.0,512,1.2,2,162919976,True,512,0.0,0,21.014993904058027,1.3637779999531274,/home/mar/Development/PyFracVAL/cluster_data/vanilla/sigma_1p50__Df_2p00__N_512/fracval_N512_Df2p00_kf1p20_rpg1p0_rpgstd1p50_agg2_20260731-043047-750909.dat
vanilla,1.5,2.0,512,1.2,3,117886225,True,512,0.0,0,21.166697296120248,1.4132287633118887,/home/mar/Development/PyFracVAL/cluster_data/vanilla/sigma_1p50__Df_2p00__N_512/fracval_N512_Df2p00_kf1p20_rpg1p0_rpgstd1p50_agg3_20260731-043048-507138.dat
vanilla,1.5,2.0,512,1.2,4,2100045698,True,512,0.0,0,21.745255814287162,1.5047693106318452,/home/mar/Development/PyFracVAL/cluster_data/vanilla/sigma_1p50__Df_2p00__N_512/fracval_N512_Df2p00_kf1p20_rpg1p0_rpgstd1p50_agg4_20260731-043048-622294.dat
vanilla,1.5,1.6,512,1.8,3,936056764,True,512,0.0,0,33.372371718967344,-0.5478855607498899,/home/mar/Development/PyFracVAL/cluster_data/vanilla/sigma_1p50__Df_1p60__N_512/fracval_N512_Df1p60_kf1p80_rpg1p0_rpgstd1p50_agg3_20260731-043057-574927.dat
vanilla,1.25,2.6,512,0.6,1,1397321717,True,512,0.0,0,14.254338706384868,6.519114676895938,/home/mar/Development/PyFracVAL/cluster_data/vanilla/sigma_1p25__Df_2p60__N_512/fracval_N512_Df2p60_kf0p60_rpg1p0_rpgstd1p25_agg1_20260731-043146-930597.dat
vanilla,1.5,1.4,512,1.8,2,164377494,True,512,0.0,0,56.70257398472232,-1.028186659927823,/home/mar/Development/PyFracVAL/cluster_data/vanilla/sigma_1p50__Df_1p40__N_512/fracval_N512_Df1p40_kf1p80_rpg1p0_rpgstd1p50_agg2_20260731-043214-943942.dat
vanilla,1.5,1.6,512,1.8,1,1928512690,True,512,0.0,0,34.77740190078265,-0.4412695484607077,/home/mar/Development/PyFracVAL/cluster_data/vanilla/sigma_1p50__Df_1p60__N_512/fracval_N512_Df1p60_kf1p80_rpg1p0_rpgstd1p50_agg1_20260731-043233-290311.dat
vanilla,1.0,1.8,640,0.8,0,235102135,True,640,0.0,0,40.46392440025127,-1.3174802831840025,/home/mar/Development/PyFracVAL/cluster_data/vanilla/sigma_1p00__Df_1p80__N_640/fracval_N640_Df1p80_kf0p80_rpg1p0_rpgstd1p00_agg0_20260731-043233-918933.dat
vanilla,1.0,1.8,640,0.8,2,1159680581,True,640,0.0,0,40.46392440025128,-1.3174802831839851,/home/mar/Development/PyFracVAL/cluster_data/vanilla/sigma_1p00__Df_1p80__N_640/fracval_N640_Df1p80_kf0p80_rpg1p0_rpgstd1p00_agg2_20260731-043234-548371.dat
vanilla,1.0,1.8,640,0.8,3,1259324684,True,640,0.0,0,40.46392440025127,-1.3174802831840025,/home/mar/Development/PyFracVAL/cluster_data/vanilla/sigma_1p00__Df_1p80__N_640/fracval_N640_Df1p80_kf0p80_rpg1p0_rpgstd1p00_agg3_20260731-043235-240341.dat
vanilla,1.0,1.6,640,1.6,1,2120582793,True,640,0.0,0,42.06750467202609,-0.5375261118235772,/home/mar/Development/PyFracVAL/cluster_data/vanilla/sigma_1p00__Df_1p60__N_640/fracval_N640_Df1p60_kf1p60_rpg1p0_rpgstd1p00_agg1_20260731-043235-340417.dat
vanilla,1.0,1.8,640,0.8,4,1310404890,True,640,0.0,0,40.46392440025126,-1.317480283184037,/home/mar/Development/PyFracVAL/cluster_data/vanilla/sigma_1p00__Df_1p80__N_640/fracval_N640_Df1p80_kf0p80_rpg1p0_rpgstd1p00_agg4_20260731-043235-800079.dat
vanilla,1.0,2.0,640,0.8,0,2120764174,True,640,0.0,0,28.140075653756007,-0.5098084106332929,/home/mar/Development/PyFracVAL/cluster_data/vanilla/sigma_1p00__Df_2p00__N_640/fracval_N640_Df2p00_kf0p80_rpg1p0_rpgstd1p00_agg0_20260731-043235-942850.dat
vanilla,1.0,2.0,640,0.8,2,935139322,True,640,0.0,0,28.140075653756007,-0.5098084106332929,/home/mar/Development/PyFracVAL/cluster_data/vanilla/sigma_1p00__Df_2p00__N_640/fracval_N640_Df2p00_kf0p80_rpg1p0_rpgstd1p00_agg2_20260731-043236-591247.dat
vanilla,1.0,2.0,640,0.8,1,1440814046,True,640,0.0,0,28.140075653756007,-0.5098084106332929,/home/mar/Development/PyFracVAL/cluster_data/vanilla/sigma_1p00__Df_2p00__N_640/fracval_N640_Df2p00_kf0p80_rpg1p0_rpgstd1p00_agg1_20260731-043236-631326.dat
vanilla,1.0,1.6,640,1.6,3,641765892,True,640,0.0,0,42.06750467202609,-0.5375261118235772,/home/mar/Development/PyFracVAL/cluster_data/vanilla/sigma_1p00__Df_1p60__N_640/fracval_N640_Df1p60_kf1p60_rpg1p0_rpgstd1p00_agg3_20260731-043236-896021.dat
vanilla,1.0,2.0,640,0.8,4,441786960,True,640,0.0,0,28.140075653756014,-0.5098084106332678,/home/mar/Development/PyFracVAL/cluster_data/vanilla/sigma_1p00__Df_2p00__N_640/fracval_N640_Df2p00_kf0p80_rpg1p0_rpgstd1p00_agg4_20260731-043237-240010.dat
vanilla,1.0,2.0,640,0.8,3,313536760,True,640,0.0,0,28.140075653756014,-0.5098084106332678,/home/mar/Development/PyFracVAL/cluster_data/vanilla/sigma_1p00__Df_2p00__N_640/fracval_N640_Df2p00_kf0p80_rpg1p0_rpgstd1p00_agg3_20260731-043237-298603.dat
vanilla,1.0,2.2,640,1.4,0,288759827,True,640,0.0,0,17.030321954118698,5.22243332293445,/home/mar/Development/PyFracVAL/cluster_data/vanilla/sigma_1p00__Df_2p20__N_640/fracval_N640_Df2p20_kf1p40_rpg1p0_rpgstd1p00_agg0_20260731-043238-122720.dat
vanilla,1.0,2.2,640,1.4,2,880719442,True,640,0.0,0,17.030321954118705,5.222433322934495,/home/mar/Development/PyFracVAL/cluster_data/vanilla/sigma_1p00__Df_2p20__N_640/fracval_N640_Df2p20_kf1p40_rpg1p0_rpgstd1p00_agg2_20260731-043238-412611.dat
vanilla,1.0,2.2,640,1.4,1,1565397572,True,640,0.0,0,17.0303219541187,5.222433322934473,/home/mar/Development/PyFracVAL/cluster_data/vanilla/sigma_1p00__Df_2p20__N_640/fracval_N640_Df2p20_kf1p40_rpg1p0_rpgstd1p00_agg1_20260731-043238-489594.dat
vanilla,1.0,2.2,640,1.4,4,143059245,True,640,0.0,0,17.030321954118705,5.222433322934495,/home/mar/Development/PyFracVAL/cluster_data/vanilla/sigma_1p00__Df_2p20__N_640/fracval_N640_Df2p20_kf1p40_rpg1p0_rpgstd1p00_agg4_20260731-043239-534702.dat
vanilla,1.0,2.2,640,1.4,3,68122367,True,640,0.0,0,17.0303219541187,5.222433322934473,/home/mar/Development/PyFracVAL/cluster_data/vanilla/sigma_1p00__Df_2p20__N_640/fracval_N640_Df2p20_kf1p40_rpg1p0_rpgstd1p00_agg3_20260731-043239-594636.dat
vanilla,1.0,2.4,640,0.8,0,2091539855,True,640,0.0,0,16.885185464408355,4.204148064925962,/home/mar/Development/PyFracVAL/cluster_data/vanilla/sigma_1p00__Df_2p40__N_640/fracval_N640_Df2p40_kf0p80_rpg1p0_rpgstd1p00_agg0_20260731-043239-829905.dat
vanilla,1.25,2.6,512,0.6,4,761508328,True,512,0.0,0,14.260523277133318,6.995245310237615,/home/mar/Development/PyFracVAL/cluster_data/vanilla/sigma_1p25__Df_2p60__N_512/fracval_N512_Df2p60_kf0p60_rpg1p0_rpgstd1p25_agg4_20260731-043240-107622.dat
vanilla,1.0,1.6,640,1.6,4,2041786840,True,640,0.0,0,42.067504672026104,-0.5375261118235437,/home/mar/Development/PyFracVAL/cluster_data/vanilla/sigma_1p00__Df_1p60__N_640/fracval_N640_Df1p60_kf1p60_rpg1p0_rpgstd1p00_agg4_20260731-043240-624191.dat
vanilla,1.0,2.4,640,0.8,3,2049441241,True,640,0.0,0,16.885185464408355,4.204148064925962,/home/mar/Development/PyFracVAL/cluster_data/vanilla/sigma_1p00__Df_2p40__N_640/fracval_N640_Df2p40_kf0p80_rpg1p0_rpgstd1p00_agg3_20260731-043240-714987.dat
vanilla,1.0,2.4,640,0.8,1,1703285680,True,640,0.0,0,16.885185464408355,4.204148064925962,/home/mar/Development/PyFracVAL/cluster_data/vanilla/sigma_1p00__Df_2p40__N_640/fracval_N640_Df2p40_kf0p80_rpg1p0_rpgstd1p00_agg1_20260731-043240-769450.dat
vanilla,1.0,2.4,640,0.8,2,1077878933,True,640,0.0,0,16.88518546440835,4.20414806492594,/home/mar/Development/PyFracVAL/cluster_data/vanilla/sigma_1p00__Df_2p40__N_640/fracval_N640_Df2p40_kf0p80_rpg1p0_rpgstd1p00_agg2_20260731-043241-119139.dat
vanilla,1.0,1.8,640,0.8,1,605976558,True,640,0.0,0,40.46392440025128,-1.3174802831839851,/home/mar/Development/PyFracVAL/cluster_data/vanilla/sigma_1p00__Df_1p80__N_640/fracval_N640_Df1p80_kf0p80_rpg1p0_rpgstd1p00_agg1_20260731-043241-831020.dat
vanilla,1.0,2.4,640,0.8,4,1498213831,True,640,0.0,0,16.88518546440835,4.20414806492594,/home/mar/Development/PyFracVAL/cluster_data/vanilla/sigma_1p00__Df_2p40__N_640/fracval_N640_Df2p40_kf0p80_rpg1p0_rpgstd1p00_agg4_20260731-043242-206231.dat
vanilla,1.25,1.6,640,1.8,2,1932827495,True,640,0.0,0,39.334448648897585,-0.3034399811518003,/home/mar/Development/PyFracVAL/cluster_data/vanilla/sigma_1p25__Df_1p60__N_640/fracval_N640_Df1p60_kf1p80_rpg1p0_rpgstd1p25_agg2_20260731-043242-400285.dat
vanilla,1.25,1.6,640,1.8,3,1060576601,True,640,0.0,0,39.21534772173188,-0.3298433955846056,/home/mar/Development/PyFracVAL/cluster_data/vanilla/sigma_1p25__Df_1p60__N_640/fracval_N640_Df1p60_kf1p80_rpg1p0_rpgstd1p25_agg3_20260731-043243-015496.dat
vanilla,1.25,1.8,640,1.2,0,1670062027,True,640,0.0,0,32.77194440835081,-0.4769034109510679,/home/mar/Development/PyFracVAL/cluster_data/vanilla/sigma_1p25__Df_1p80__N_640/fracval_N640_Df1p80_kf1p20_rpg1p0_rpgstd1p25_agg0_20260731-043243-704656.dat
vanilla,1.25,1.8,512,1.0,0,65846693,True,512,0.0,0,31.251606761206453,-1.1345439706959064,/home/mar/Development/PyFracVAL/cluster_data/vanilla/sigma_1p25__Df_1p80__N_512/fracval_N512_Df1p80_kf1p00_rpg1p0_rpgstd1p25_agg0_20260731-043244-070418.dat
vanilla,1.25,1.8,640,1.2,1,1345292116,True,640,0.0,0,32.84885153298754,-0.3967962243958023,/home/mar/Development/PyFracVAL/cluster_data/vanilla/sigma_1p25__Df_1p80__N_640/fracval_N640_Df1p80_kf1p20_rpg1p0_rpgstd1p25_agg1_20260731-043244-390623.dat
vanilla,1.25,1.8,640,1.2,3,215621059,True,640,0.0,0,33.17657303708884,-0.3452613219739506,/home/mar/Development/PyFracVAL/cluster_data/vanilla/sigma_1p25__Df_1p80__N_640/fracval_N640_Df1p80_kf1p20_rpg1p0_rpgstd1p25_agg3_20260731-043244-780813.dat
vanilla,1.25,1.8,640,1.2,4,527318651,True,640,0.0,0,32.44862626493366,-0.3780372277247126,/home/mar/Development/PyFracVAL/cluster_data/vanilla/sigma_1p25__Df_1p80__N_640/fracval_N640_Df1p80_kf1p20_rpg1p0_rpgstd1p25_agg4_20260731-043245-087010.dat
vanilla,1.25,2.0,640,1.6,0,264302752,True,640,0.0,0,20.473101241058927,2.6915345008945875,/home/mar/Development/PyFracVAL/cluster_data/vanilla/sigma_1p25__Df_2p00__N_640/fracval_N640_Df2p00_kf1p60_rpg1p0_rpgstd1p25_agg0_20260731-043245-583069.dat
vanilla,1.25,2.0,640,1.6,1,1711761773,True,640,0.0,0,20.375746913059928,2.7187415232141023,/home/mar/Development/PyFracVAL/cluster_data/vanilla/sigma_1p25__Df_2p00__N_640/fracval_N640_Df2p00_kf1p60_rpg1p0_rpgstd1p25_agg1_20260731-043246-243176.dat
vanilla,1.25,2.0,640,1.6,2,1478284799,True,640,0.0,0,20.82253807329056,2.915892372993685,/home/mar/Development/PyFracVAL/cluster_data/vanilla/sigma_1p25__Df_2p00__N_640/fracval_N640_Df2p00_kf1p60_rpg1p0_rpgstd1p25_agg2_20260731-043246-584083.dat
vanilla,1.25,2.0,640,1.6,3,1204811587,True,640,0.0,0,20.891868578459697,2.9295141274605316,/home/mar/Development/PyFracVAL/cluster_data/vanilla/sigma_1p25__Df_2p00__N_640/fracval_N640_Df2p00_kf1p60_rpg1p0_rpgstd1p25_agg3_20260731-043247-197930.dat
vanilla,1.25,2.0,640,1.6,4,1460223998,True,640,0.0,0,20.58720102885142,2.67997093800346,/home/mar/Development/PyFracVAL/cluster_data/vanilla/sigma_1p25__Df_2p00__N_640/fracval_N640_Df2p00_kf1p60_rpg1p0_rpgstd1p25_agg4_20260731-043247-483100.dat
vanilla,1.25,2.2,640,0.6,0,1672702824,True,640,0.0,0,23.952044783574124,-0.20882824577015177,/home/mar/Development/PyFracVAL/cluster_data/vanilla/sigma_1p25__Df_2p20__N_640/fracval_N640_Df2p20_kf0p60_rpg1p0_rpgstd1p25_agg0_20260731-043247-976534.dat
vanilla,1.25,2.2,640,0.6,1,551067832,True,640,0.0,0,23.60085060373555,-0.1662978144738708,/home/mar/Development/PyFracVAL/cluster_data/vanilla/sigma_1p25__Df_2p20__N_640/fracval_N640_Df2p20_kf0p60_rpg1p0_rpgstd1p25_agg1_20260731-043248-250489.dat
vanilla,1.25,2.2,640,0.6,3,1878627308,True,640,0.0,0,23.64911965504053,-0.2213550932534726,/home/mar/Development/PyFracVAL/cluster_data/vanilla/sigma_1p25__Df_2p20__N_640/fracval_N640_Df2p20_kf0p60_rpg1p0_rpgstd1p25_agg3_20260731-043248-716860.dat
vanilla,1.25,2.2,640,0.6,4,1123372287,True,640,0.0,0,23.452801833091534,-0.22895318924876723,/home/mar/Development/PyFracVAL/cluster_data/vanilla/sigma_1p25__Df_2p20__N_640/fracval_N640_Df2p20_kf0p60_rpg1p0_rpgstd1p25_agg4_20260731-043248-975903.dat
vanilla,1.25,2.6,512,0.6,0,2052186694,True,512,0.0,0,14.312281362596035,6.066391712123946,/home/mar/Development/PyFracVAL/cluster_data/vanilla/sigma_1p25__Df_2p60__N_512/fracval_N512_Df2p60_kf0p60_rpg1p0_rpgstd1p25_agg0_20260731-043307-077544.dat
vanilla,1.0,1.6,640,1.6,0,1706329121,True,640,0.0,0,42.0675046720261,-0.5375261118235606,/home/mar/Development/PyFracVAL/cluster_data/vanilla/sigma_1p00__Df_1p60__N_640/fracval_N640_Df1p60_kf1p60_rpg1p0_rpgstd1p00_agg0_20260731-043504-751004.dat
vanilla,1.0,1.6,640,1.6,2,608897141,True,640,0.0,0,42.0675046720261,-0.5375261118235606,/home/mar/Development/PyFracVAL/cluster_data/vanilla/sigma_1p00__Df_1p60__N_640/fracval_N640_Df1p60_kf1p60_rpg1p0_rpgstd1p00_agg2_20260731-043526-298240.dat
vanilla,1.25,1.8,640,1.2,2,899177493,True,640,0.0,0,32.45684360009749,-0.4255464402097672,/home/mar/Development/PyFracVAL/cluster_data/vanilla/sigma_1p25__Df_1p80__N_640/fracval_N640_Df1p80_kf1p20_rpg1p0_rpgstd1p25_agg2_20260731-043538-445749.dat
vanilla,1.5,1.6,640,1.6,1,1684684502,True,640,0.0,0,41.84453889504663,-0.5750154077263707,/home/mar/Development/PyFracVAL/cluster_data/vanilla/sigma_1p50__Df_1p60__N_640/fracval_N640_Df1p60_kf1p60_rpg1p0_rpgstd1p50_agg1_20260731-043539-215072.dat
vanilla,1.5,1.6,640,1.6,3,717948715,True,640,0.0,0,41.65506011958691,-0.6037707349423215,/home/mar/Development/PyFracVAL/cluster_data/vanilla/sigma_1p50__Df_1p60__N_640/fracval_N640_Df1p60_kf1p60_rpg1p0_rpgstd1p50_agg3_20260731-043540-553167.dat
vanilla,1.5,1.6,640,1.6,4,1073015242,True,640,0.0,0,42.301348516232764,-0.5542112131430991,/home/mar/Development/PyFracVAL/cluster_data/vanilla/sigma_1p50__Df_1p60__N_640/fracval_N640_Df1p60_kf1p60_rpg1p0_rpgstd1p50_agg4_20260731-043541-333800.dat
vanilla,1.5,1.6,640,1.6,0,1063693296,True,640,0.0,0,41.62525670128722,-0.6226353216055388,/home/mar/Development/PyFracVAL/cluster_data/vanilla/sigma_1p50__Df_1p60__N_640/fracval_N640_Df1p60_kf1p60_rpg1p0_rpgstd1p50_agg0_20260731-043541-905802.dat
vanilla,1.25,1.6,640,1.8,1,1108363428,True,640,0.0,0,39.15097116785964,-0.3090439538759183,/home/mar/Development/PyFracVAL/cluster_data/vanilla/sigma_1p25__Df_1p60__N_640/fracval_N640_Df1p60_kf1p80_rpg1p0_rpgstd1p25_agg1_20260731-043542-254856.dat
vanilla,1.25,1.6,640,1.8,0,295084775,True,640,0.0,0,39.1723818688047,-0.2797231131478798,/home/mar/Development/PyFracVAL/cluster_data/vanilla/sigma_1p25__Df_1p60__N_640/fracval_N640_Df1p60_kf1p80_rpg1p0_rpgstd1p25_agg0_20260731-043542-602247.dat
vanilla,1.5,1.8,640,1.4,0,2066038834,True,640,0.0,0,30.225030766800046,-0.008210863147496758,/home/mar/Development/PyFracVAL/cluster_data/vanilla/sigma_1p50__Df_1p80__N_640/fracval_N640_Df1p80_kf1p40_rpg1p0_rpgstd1p50_agg0_20260731-043542-705509.dat
vanilla,1.5,1.8,640,1.4,1,1705417220,True,640,0.0,0,30.721556818710262,0.0456049628131652,/home/mar/Development/PyFracVAL/cluster_data/vanilla/sigma_1p50__Df_1p80__N_640/fracval_N640_Df1p80_kf1p40_rpg1p0_rpgstd1p50_agg1_20260731-043542-963672.dat
vanilla,1.5,1.8,640,1.4,4,1607032111,True,640,0.0,0,29.591146285794522,0.04866694246002286,/home/mar/Development/PyFracVAL/cluster_data/vanilla/sigma_1p50__Df_1p80__N_640/fracval_N640_Df1p80_kf1p40_rpg1p0_rpgstd1p50_agg4_20260731-043543-204200.dat
vanilla,1.5,2.0,640,1.0,1,2122568716,True,640,0.0,0,25.128933944921368,0.2347553558132962,/home/mar/Development/PyFracVAL/cluster_data/vanilla/sigma_1p50__Df_2p00__N_640/fracval_N640_Df2p00_kf1p00_rpg1p0_rpgstd1p50_agg1_20260731-043543-870796.dat
vanilla,1.5,1.8,640,1.4,2,642493717,True,640,0.0,0,30.061298738553425,0.06955179260581194,/home/mar/Development/PyFracVAL/cluster_data/vanilla/sigma_1p50__Df_1p80__N_640/fracval_N640_Df1p80_kf1p40_rpg1p0_rpgstd1p50_agg2_20260731-043543-913228.dat
vanilla,1.5,2.0,640,1.0,0,1294656015,True,640,0.0,0,25.26050992166961,0.12760391865586607,/home/mar/Development/PyFracVAL/cluster_data/vanilla/sigma_1p50__Df_2p00__N_640/fracval_N640_Df2p00_kf1p00_rpg1p0_rpgstd1p50_agg0_20260731-043544-286118.dat
vanilla,1.5,2.0,640,1.0,2,1369255222,True,640,0.0,0,25.72009715553678,0.5293626758249792,/home/mar/Development/PyFracVAL/cluster_data/vanilla/sigma_1p50__Df_2p00__N_640/fracval_N640_Df2p00_kf1p00_rpg1p0_rpgstd1p50_agg2_20260731-043544-498011.dat
vanilla,1.25,1.6,640,1.8,4,544646477,True,640,0.0,0,39.795355174208964,-0.28545521845270316,/home/mar/Development/PyFracVAL/cluster_data/vanilla/sigma_1p25__Df_1p60__N_640/fracval_N640_Df1p60_kf1p80_rpg1p0_rpgstd1p25_agg4_20260731-043544-547034.dat
vanilla,1.5,2.0,640,1.0,3,1394153786,True,640,0.0,0,25.31755053192745,0.3351406817765255,/home/mar/Development/PyFracVAL/cluster_data/vanilla/sigma_1p50__Df_2p00__N_640/fracval_N640_Df2p00_kf1p00_rpg1p0_rpgstd1p50_agg3_20260731-043545-020294.dat
vanilla,1.5,2.0,640,1.0,4,935111780,True,640,0.0,0,25.34987722284,0.27232861426301247,/home/mar/Development/PyFracVAL/cluster_data/vanilla/sigma_1p50__Df_2p00__N_640/fracval_N640_Df2p00_kf1p00_rpg1p0_rpgstd1p50_agg4_20260731-043545-724559.dat
vanilla,1.25,2.2,640,0.6,2,115652264,True,640,0.0,0,23.73077552993519,-0.1504744877629514,/home/mar/Development/PyFracVAL/cluster_data/vanilla/sigma_1p25__Df_2p20__N_640/fracval_N640_Df2p20_kf0p60_rpg1p0_rpgstd1p25_agg2_20260731-043546-598690.dat
vanilla,1.5,2.2,640,1.6,0,53041628,True,640,0.0,0,16.450464046226177,6.598829228355532,/home/mar/Development/PyFracVAL/cluster_data/vanilla/sigma_1p50__Df_2p20__N_640/fracval_N640_Df2p20_kf1p60_rpg1p0_rpgstd1p50_agg0_20260731-043555-616609.dat
vanilla,1.5,2.2,640,1.6,2,1420253720,True,640,0.0,0,16.30460420077522,6.595522035191717,/home/mar/Development/PyFracVAL/cluster_data/vanilla/sigma_1p50__Df_2p20__N_640/fracval_N640_Df2p20_kf1p60_rpg1p0_rpgstd1p50_agg2_20260731-043555-941031.dat
vanilla,1.5,1.6,640,1.6,2,1701706766,True,640,0.0,0,41.70263031740402,-0.5762017771446841,/home/mar/Development/PyFracVAL/cluster_data/vanilla/sigma_1p50__Df_1p60__N_640/fracval_N640_Df1p60_kf1p60_rpg1p0_rpgstd1p50_agg2_20260731-043557-136030.dat
vanilla,1.0,1.6,768,1.6,2,274627413,True,768,0.0,0,47.19704959060641,-0.427576574756926,/home/mar/Development/PyFracVAL/cluster_data/vanilla/sigma_1p00__Df_1p60__N_768/fracval_N768_Df1p60_kf1p60_rpg1p0_rpgstd1p00_agg2_20260731-043557-777950.dat
vanilla,1.0,1.6,768,1.6,3,513808943,True,768,0.0,0,47.19704959060643,-0.427576574756881,/home/mar/Development/PyFracVAL/cluster_data/vanilla/sigma_1p00__Df_1p60__N_768/fracval_N768_Df1p60_kf1p60_rpg1p0_rpgstd1p00_agg3_20260731-043558-480649.dat
vanilla,1.0,1.6,768,1.6,4,1037132703,True,768,0.0,0,47.19704959060642,-0.42757657475691097,/home/mar/Development/PyFracVAL/cluster_data/vanilla/sigma_1p00__Df_1p60__N_768/fracval_N768_Df1p60_kf1p60_rpg1p0_rpgstd1p00_agg4_20260731-043559-255195.dat
vanilla,1.0,1.8,768,1.2,0,2061870919,True,768,0.0,0,36.10456155898049,-0.3279935309342989,/home/mar/Development/PyFracVAL/cluster_data/vanilla/sigma_1p00__Df_1p80__N_768/fracval_N768_Df1p80_kf1p20_rpg1p0_rpgstd1p00_agg0_20260731-043600-062953.dat
vanilla,1.0,1.8,768,1.2,1,976221959,True,768,0.0,0,36.10456155898049,-0.3279935309342989,/home/mar/Development/PyFracVAL/cluster_data/vanilla/sigma_1p00__Df_1p80__N_768/fracval_N768_Df1p80_kf1p20_rpg1p0_rpgstd1p00_agg1_20260731-043600-855315.dat
vanilla,1.0,1.8,768,1.2,2,1289536661,True,768,0.0,0,36.1045615589805,-0.3279935309342793,/home/mar/Development/PyFracVAL/cluster_data/vanilla/sigma_1p00__Df_1p80__N_768/fracval_N768_Df1p80_kf1p20_rpg1p0_rpgstd1p00_agg2_20260731-043601-590252.dat
vanilla,1.0,1.8,768,1.2,3,1665273335,True,768,0.0,0,36.10456155898049,-0.3279935309342989,/home/mar/Development/PyFracVAL/cluster_data/vanilla/sigma_1p00__Df_1p80__N_768/fracval_N768_Df1p80_kf1p20_rpg1p0_rpgstd1p00_agg3_20260731-043602-373049.dat
vanilla,1.0,1.8,768,1.2,4,739770316,True,768,0.0,0,36.10456155898049,-0.3279935309342989,/home/mar/Development/PyFracVAL/cluster_data/vanilla/sigma_1p00__Df_1p80__N_768/fracval_N768_Df1p80_kf1p20_rpg1p0_rpgstd1p00_agg4_20260731-043603-238517.dat
vanilla,1.0,2.2,768,0.6,0,847224438,True,768,0.0,0,25.815690757380303,-0.11147917052163334,/home/mar/Development/PyFracVAL/cluster_data/vanilla/sigma_1p00__Df_2p20__N_768/fracval_N768_Df2p20_kf0p60_rpg1p0_rpgstd1p00_agg0_20260731-043604-213430.dat
vanilla,1.0,2.2,768,0.6,1,847120968,True,768,0.0,0,25.8156907573803,-0.11147917052164708,/home/mar/Development/PyFracVAL/cluster_data/vanilla/sigma_1p00__Df_2p20__N_768/fracval_N768_Df2p20_kf0p60_rpg1p0_rpgstd1p00_agg1_20260731-043605-212625.dat
vanilla,1.5,2.2,640,1.6,4,1867004588,True,640,0.0,0,15.974953548872717,6.253735105300502,/home/mar/Development/PyFracVAL/cluster_data/vanilla/sigma_1p50__Df_2p20__N_640/fracval_N640_Df2p20_kf1p60_rpg1p0_rpgstd1p50_agg4_20260731-043605-411805.dat
vanilla,1.0,2.2,768,0.6,2,487355508,True,768,0.0,0,25.8156907573803,-0.11147917052164708,/home/mar/Development/PyFracVAL/cluster_data/vanilla/sigma_1p00__Df_2p20__N_768/fracval_N768_Df2p20_kf0p60_rpg1p0_rpgstd1p00_agg2_20260731-043606-100432.dat
vanilla,1.0,2.2,768,0.6,3,1318917023,True,768,0.0,0,25.815690757380303,-0.11147917052163334,/home/mar/Development/PyFracVAL/cluster_data/vanilla/sigma_1p00__Df_2p20__N_768/fracval_N768_Df2p20_kf0p60_rpg1p0_rpgstd1p00_agg3_20260731-043606-980922.dat
vanilla,1.0,2.4,768,0.6,0,1326625740,True,768,0.0,0,20.064483077191586,1.802197967040894,/home/mar/Development/PyFracVAL/cluster_data/vanilla/sigma_1p00__Df_2p40__N_768/fracval_N768_Df2p40_kf0p60_rpg1p0_rpgstd1p00_agg0_20260731-043608-324024.dat
vanilla,1.0,2.4,768,0.6,1,146658737,True,768,0.0,0,20.064483077191586,1.802197967040894,/home/mar/Development/PyFracVAL/cluster_data/vanilla/sigma_1p00__Df_2p40__N_768/fracval_N768_Df2p40_kf0p60_rpg1p0_rpgstd1p00_agg1_20260731-043609-583910.dat
vanilla,1.0,2.4,768,0.6,3,1151542462,True,768,0.0,0,20.064483077191586,1.802197967040894,/home/mar/Development/PyFracVAL/cluster_data/vanilla/sigma_1p00__Df_2p40__N_768/fracval_N768_Df2p40_kf0p60_rpg1p0_rpgstd1p00_agg3_20260731-043610-888454.dat
vanilla,1.0,2.4,768,0.6,4,733643408,True,768,0.0,0,20.06448307719159,1.802197967040912,/home/mar/Development/PyFracVAL/cluster_data/vanilla/sigma_1p00__Df_2p40__N_768/fracval_N768_Df2p40_kf0p60_rpg1p0_rpgstd1p00_agg4_20260731-043612-826484.dat
vanilla,1.5,2.2,640,1.6,1,2012059198,True,640,0.0,0,16.05586406675406,6.615222230694348,/home/mar/Development/PyFracVAL/cluster_data/vanilla/sigma_1p50__Df_2p20__N_640/fracval_N640_Df2p20_kf1p60_rpg1p0_rpgstd1p50_agg1_20260731-043617-933625.dat
vanilla,1.5,2.2,640,1.6,3,2005932958,True,640,0.0,0,16.21656715191493,6.185079231702463,/home/mar/Development/PyFracVAL/cluster_data/vanilla/sigma_1p50__Df_2p20__N_640/fracval_N640_Df2p20_kf1p60_rpg1p0_rpgstd1p50_agg3_20260731-043656-247025.dat
vanilla,1.25,1.6,768,1.4,2,571840305,True,768,0.0,0,51.53600666250822,-0.6152886170582326,/home/mar/Development/PyFracVAL/cluster_data/vanilla/sigma_1p25__Df_1p60__N_768/fracval_N768_Df1p60_kf1p40_rpg1p0_rpgstd1p25_agg2_20260731-043805-864585.dat
vanilla,1.25,1.6,768,1.4,3,1188001951,True,768,0.0,0,51.541552499522005,-0.6059257496098311,/home/mar/Development/PyFracVAL/cluster_data/vanilla/sigma_1p25__Df_1p60__N_768/fracval_N768_Df1p60_kf1p40_rpg1p0_rpgstd1p25_agg3_20260731-043806-551337.dat
vanilla,1.25,1.6,768,1.4,4,121040402,True,768,0.0,0,50.58978164179707,-0.6031316346185479,/home/mar/Development/PyFracVAL/cluster_data/vanilla/sigma_1p25__Df_1p60__N_768/fracval_N768_Df1p60_kf1p40_rpg1p0_rpgstd1p25_agg4_20260731-043807-269709.dat
vanilla,1.25,1.8,768,1.8,0,99649532,True,768,0.0,0,28.87632793723299,0.7811807928984271,/home/mar/Development/PyFracVAL/cluster_data/vanilla/sigma_1p25__Df_1p80__N_768/fracval_N768_Df1p80_kf1p80_rpg1p0_rpgstd1p25_agg0_20260731-043808-107643.dat
vanilla,1.25,1.8,768,1.8,1,64636206,True,768,0.0,0,29.528724958863666,0.8265799389474696,/home/mar/Development/PyFracVAL/cluster_data/vanilla/sigma_1p25__Df_1p80__N_768/fracval_N768_Df1p80_kf1p80_rpg1p0_rpgstd1p25_agg1_20260731-043808-992601.dat
vanilla,1.25,1.8,768,1.8,2,1630046409,True,768,0.0,0,29.19499694269243,0.6911432128984895,/home/mar/Development/PyFracVAL/cluster_data/vanilla/sigma_1p25__Df_1p80__N_768/fracval_N768_Df1p80_kf1p80_rpg1p0_rpgstd1p25_agg2_20260731-043809-831073.dat
vanilla,1.25,1.8,768,1.8,3,1268471499,True,768,0.0,0,29.140387093282452,0.7534704977377329,/home/mar/Development/PyFracVAL/cluster_data/vanilla/sigma_1p25__Df_1p80__N_768/fracval_N768_Df1p80_kf1p80_rpg1p0_rpgstd1p25_agg3_20260731-043810-844359.dat
vanilla,1.25,1.8,768,1.8,4,1345603529,True,768,0.0,0,29.128937871830452,0.8163481314156817,/home/mar/Development/PyFracVAL/cluster_data/vanilla/sigma_1p25__Df_1p80__N_768/fracval_N768_Df1p80_kf1p80_rpg1p0_rpgstd1p25_agg4_20260731-043811-740471.dat
vanilla,1.25,2.2,768,1.4,0,24598702,True,768,0.0,0,18.279373404427066,4.5283354581931015,/home/mar/Development/PyFracVAL/cluster_data/vanilla/sigma_1p25__Df_2p20__N_768/fracval_N768_Df2p20_kf1p40_rpg1p0_rpgstd1p25_agg0_20260731-043813-812534.dat
vanilla,1.25,2.2,768,1.4,1,923104279,True,768,0.0,0,18.400624088351258,4.3501867672014995,/home/mar/Development/PyFracVAL/cluster_data/vanilla/sigma_1p25__Df_2p20__N_768/fracval_N768_Df2p20_kf1p40_rpg1p0_rpgstd1p25_agg1_20260731-043815-299099.dat
vanilla,1.25,2.2,768,1.4,2,767232287,True,768,0.0,0,18.673588390259745,4.445668999678773,/home/mar/Development/PyFracVAL/cluster_data/vanilla/sigma_1p25__Df_2p20__N_768/fracval_N768_Df2p20_kf1p40_rpg1p0_rpgstd1p25_agg2_20260731-043817-890677.dat
vanilla,1.25,2.2,768,1.4,3,1520218780,True,768,0.0,0,18.468305828413097,4.444166157472528,/home/mar/Development/PyFracVAL/cluster_data/vanilla/sigma_1p25__Df_2p20__N_768/fracval_N768_Df2p20_kf1p40_rpg1p0_rpgstd1p25_agg3_20260731-043819-393647.dat
vanilla,1.25,2.2,768,1.4,4,1281299721,True,768,0.0,0,18.53906669340773,4.367883407487577,/home/mar/Development/PyFracVAL/cluster_data/vanilla/sigma_1p25__Df_2p20__N_768/fracval_N768_Df2p20_kf1p40_rpg1p0_rpgstd1p25_agg4_20260731-043821-442058.dat
vanilla,1.25,2.4,768,0.8,0,918801488,True,768,0.0,0,18.07787052725964,3.5787473486914605,/home/mar/Development/PyFracVAL/cluster_data/vanilla/sigma_1p25__Df_2p40__N_768/fracval_N768_Df2p40_kf0p80_rpg1p0_rpgstd1p25_agg0_20260731-043828-900045.dat
vanilla,1.25,2.4,768,0.8,1,1942461311,True,768,0.0,0,18.21185573051474,3.5177807774132757,/home/mar/Development/PyFracVAL/cluster_data/vanilla/sigma_1p25__Df_2p40__N_768/fracval_N768_Df2p40_kf0p80_rpg1p0_rpgstd1p25_agg1_20260731-043836-240057.dat
vanilla,1.25,2.4,768,0.8,2,1821931495,True,768,0.0,0,18.026698042823504,3.732469961037536,/home/mar/Development/PyFracVAL/cluster_data/vanilla/sigma_1p25__Df_2p40__N_768/fracval_N768_Df2p40_kf0p80_rpg1p0_rpgstd1p25_agg2_20260731-043839-488940.dat
vanilla,1.5,1.8,640,1.4,3,282449483,True,640,0.0,0,29.816018820855486,-0.009223314587559933,/home/mar/Development/PyFracVAL/cluster_data/vanilla/sigma_1p50__Df_1p80__N_640/fracval_N640_Df1p80_kf1p40_rpg1p0_rpgstd1p50_agg3_20260731-043842-072407.dat
vanilla,1.25,2.4,768,0.8,3,46890789,True,768,0.0,0,17.864521014475336,3.5227319526543397,/home/mar/Development/PyFracVAL/cluster_data/vanilla/sigma_1p25__Df_2p40__N_768/fracval_N768_Df2p40_kf0p80_rpg1p0_rpgstd1p25_agg3_20260731-043850-410073.dat
vanilla,1.25,2.4,768,0.8,4,663300246,True,768,0.0,0,18.294695347066533,3.567253743743299,/home/mar/Development/PyFracVAL/cluster_data/vanilla/sigma_1p25__Df_2p40__N_768/fracval_N768_Df2p40_kf0p80_rpg1p0_rpgstd1p25_agg4_20260731-043852-458321.dat
vanilla,1.5,1.6,768,1.6,0,2144878803,True,768,0.0,0,47.56425545746722,-0.40600551721521894,/home/mar/Development/PyFracVAL/cluster_data/vanilla/sigma_1p50__Df_1p60__N_768/fracval_N768_Df1p60_kf1p60_rpg1p0_rpgstd1p50_agg0_20260731-043853-835005.dat
vanilla,1.5,1.6,768,1.6,1,405227095,True,768,0.0,0,48.44773620698466,-0.48906995081754634,/home/mar/Development/PyFracVAL/cluster_data/vanilla/sigma_1p50__Df_1p60__N_768/fracval_N768_Df1p60_kf1p60_rpg1p0_rpgstd1p50_agg1_20260731-043855-394625.dat
vanilla,1.5,1.6,768,1.6,3,1101633308,True,768,0.0,0,46.99818163525299,-0.4478545355262221,/home/mar/Development/PyFracVAL/cluster_data/vanilla/sigma_1p50__Df_1p60__N_768/fracval_N768_Df1p60_kf1p60_rpg1p0_rpgstd1p50_agg3_20260731-043856-296910.dat
vanilla,1.0,1.6,768,1.6,0,457784686,True,768,0.0,0,47.197049590606426,-0.427576574756896,/home/mar/Development/PyFracVAL/cluster_data/vanilla/sigma_1p00__Df_1p60__N_768/fracval_N768_Df1p60_kf1p60_rpg1p0_rpgstd1p00_agg0_20260731-043856-866772.dat
vanilla,1.5,1.6,768,1.6,4,1350938213,True,768,0.0,0,47.45602269967898,-0.43843418757335906,/home/mar/Development/PyFracVAL/cluster_data/vanilla/sigma_1p50__Df_1p60__N_768/fracval_N768_Df1p60_kf1p60_rpg1p0_rpgstd1p50_agg4_20260731-043857-274553.dat
vanilla,1.0,1.6,768,1.6,1,93589660,True,768,0.0,0,47.19704959060642,-0.42757657475691097,/home/mar/Development/PyFracVAL/cluster_data/vanilla/sigma_1p00__Df_1p60__N_768/fracval_N768_Df1p60_kf1p60_rpg1p0_rpgstd1p00_agg1_20260731-043857-890127.dat
vanilla,1.5,1.8,768,1.6,0,1735638471,True,768,0.0,0,30.605049039644843,0.3131307422504776,/home/mar/Development/PyFracVAL/cluster_data/vanilla/sigma_1p50__Df_1p80__N_768/fracval_N768_Df1p80_kf1p60_rpg1p0_rpgstd1p50_agg0_20260731-043858-259153.dat
vanilla,1.5,1.8,768,1.6,1,1920342570,True,768,0.0,0,31.360517099800752,0.30325149195465184,/home/mar/Development/PyFracVAL/cluster_data/vanilla/sigma_1p50__Df_1p80__N_768/fracval_N768_Df1p80_kf1p60_rpg1p0_rpgstd1p50_agg1_20260731-043858-345329.dat
vanilla,1.5,1.8,768,1.6,4,1411319285,True,768,0.0,0,31.149256845104805,0.3977352005226935,/home/mar/Development/PyFracVAL/cluster_data/vanilla/sigma_1p50__Df_1p80__N_768/fracval_N768_Df1p80_kf1p60_rpg1p0_rpgstd1p50_agg4_20260731-043859-432978.dat
vanilla,1.5,1.8,768,1.6,2,1239570812,True,768,0.0,0,31.492939965888752,0.4067853464552084,/home/mar/Development/PyFracVAL/cluster_data/vanilla/sigma_1p50__Df_1p80__N_768/fracval_N768_Df1p80_kf1p60_rpg1p0_rpgstd1p50_agg2_20260731-043859-538382.dat
vanilla,1.5,1.8,768,1.6,3,1245532078,True,768,0.0,0,31.54544921325776,0.3783958050808813,/home/mar/Development/PyFracVAL/cluster_data/vanilla/sigma_1p50__Df_1p80__N_768/fracval_N768_Df1p80_kf1p60_rpg1p0_rpgstd1p50_agg3_20260731-043859-651867.dat
vanilla,1.5,2.0,768,1.8,1,254773175,True,768,0.0,0,21.532055760394275,3.087758657611077,/home/mar/Development/PyFracVAL/cluster_data/vanilla/sigma_1p50__Df_2p00__N_768/fracval_N768_Df2p00_kf1p80_rpg1p0_rpgstd1p50_agg1_20260731-043901-190933.dat
vanilla,1.5,2.0,768,1.8,0,788052740,True,768,0.0,0,21.01020824952175,2.9497842507725696,/home/mar/Development/PyFracVAL/cluster_data/vanilla/sigma_1p50__Df_2p00__N_768/fracval_N768_Df2p00_kf1p80_rpg1p0_rpgstd1p50_agg0_20260731-043901-349432.dat
vanilla,1.5,2.0,768,1.8,2,1120945832,True,768,0.0,0,21.466116125949043,2.764418294747301,/home/mar/Development/PyFracVAL/cluster_data/vanilla/sigma_1p50__Df_2p00__N_768/fracval_N768_Df2p00_kf1p80_rpg1p0_rpgstd1p50_agg2_20260731-043901-402205.dat
vanilla,1.5,2.2,768,0.8,0,1743671557,True,768,0.0,0,23.081309953921746,1.03810676938282,/home/mar/Development/PyFracVAL/cluster_data/vanilla/sigma_1p50__Df_2p20__N_768/fracval_N768_Df2p20_kf0p80_rpg1p0_rpgstd1p50_agg0_20260731-043902-583951.dat
vanilla,1.5,2.0,768,1.8,4,25113607,True,768,0.0,0,20.872959844996235,2.9784308889561566,/home/mar/Development/PyFracVAL/cluster_data/vanilla/sigma_1p50__Df_2p00__N_768/fracval_N768_Df2p00_kf1p80_rpg1p0_rpgstd1p50_agg4_20260731-043902-864567.dat
vanilla,1.5,2.0,768,1.8,3,1380459803,True,768,0.0,0,22.13344111769788,3.044311537480692,/home/mar/Development/PyFracVAL/cluster_data/vanilla/sigma_1p50__Df_2p00__N_768/fracval_N768_Df2p00_kf1p80_rpg1p0_rpgstd1p50_agg3_20260731-043903-044384.dat
vanilla,1.5,2.2,768,0.8,3,1813621517,True,768,0.0,0,22.658212270468113,1.0620938164937115,/home/mar/Development/PyFracVAL/cluster_data/vanilla/sigma_1p50__Df_2p20__N_768/fracval_N768_Df2p20_kf0p80_rpg1p0_rpgstd1p50_agg3_20260731-043904-035715.dat
vanilla,1.5,2.2,768,0.8,2,372636660,True,768,0.0,0,23.148984576793936,1.2651453115314697,/home/mar/Development/PyFracVAL/cluster_data/vanilla/sigma_1p50__Df_2p20__N_768/fracval_N768_Df2p20_kf0p80_rpg1p0_rpgstd1p50_agg2_20260731-043904-276951.dat
vanilla,1.5,2.2,768,0.8,1,392960162,True,768,0.0,0,23.42921335589112,0.89233710264549,/home/mar/Development/PyFracVAL/cluster_data/vanilla/sigma_1p50__Df_2p20__N_768/fracval_N768_Df2p20_kf0p80_rpg1p0_rpgstd1p50_agg1_20260731-043904-556295.dat
vanilla,1.5,2.2,768,0.8,4,2048930135,True,768,0.0,0,23.11082340234943,1.0037390586501296,/home/mar/Development/PyFracVAL/cluster_data/vanilla/sigma_1p50__Df_2p20__N_768/fracval_N768_Df2p20_kf0p80_rpg1p0_rpgstd1p50_agg4_20260731-043905-431194.dat
vanilla,1.0,2.2,768,0.6,4,2045158534,True,768,0.0,0,25.81569075738031,-0.11147917052160584,/home/mar/Development/PyFracVAL/cluster_data/vanilla/sigma_1p00__Df_2p20__N_768/fracval_N768_Df2p20_kf0p60_rpg1p0_rpgstd1p00_agg4_20260731-043906-376539.dat
vanilla,1.0,2.4,768,0.6,2,1896907142,True,768,0.0,0,20.064483077191586,1.802197967040894,/home/mar/Development/PyFracVAL/cluster_data/vanilla/sigma_1p00__Df_2p40__N_768/fracval_N768_Df2p40_kf0p60_rpg1p0_rpgstd1p00_agg2_20260731-043908-991769.dat
vanilla,1.25,2.6,768,0.6,0,1432443025,True,768,0.0,0,16.283280401116418,4.338172469102683,/home/mar/Development/PyFracVAL/cluster_data/vanilla/sigma_1p25__Df_2p60__N_768/fracval_N768_Df2p60_kf0p60_rpg1p0_rpgstd1p25_agg0_20260731-043928-221821.dat
vanilla,1.5,2.4,768,1.0,2,79581922,True,768,0.0,0,16.70586807672153,5.362457737811709,/home/mar/Development/PyFracVAL/cluster_data/vanilla/sigma_1p50__Df_2p40__N_768/fracval_N768_Df2p40_kf1p00_rpg1p0_rpgstd1p50_agg2_20260731-043944-609304.dat
vanilla,1.25,1.6,768,1.4,0,439037301,True,768,0.0,0,51.53502094139715,-0.6083734773071645,/home/mar/Development/PyFracVAL/cluster_data/vanilla/sigma_1p25__Df_1p60__N_768/fracval_N768_Df1p60_kf1p40_rpg1p0_rpgstd1p25_agg0_20260731-043957-398635.dat
vanilla,1.0,2.0,896,1.0,1,1482835741,True,896,0.0,0,30.004817742801762,0.2390606662143165,/home/mar/Development/PyFracVAL/cluster_data/vanilla/sigma_1p00__Df_2p00__N_896/fracval_N896_Df2p00_kf1p00_rpg1p0_rpgstd1p00_agg1_20260731-043958-502612.dat
vanilla,1.25,1.6,768,1.4,1,1740306150,True,768,0.0,0,51.11775659655206,-0.6313720465603233,/home/mar/Development/PyFracVAL/cluster_data/vanilla/sigma_1p25__Df_1p60__N_768/fracval_N768_Df1p60_kf1p40_rpg1p0_rpgstd1p25_agg1_20260731-043958-747158.dat
vanilla,1.0,2.0,896,1.0,2,476013783,True,896,0.0,0,30.004817742801762,0.2390606662143165,/home/mar/Development/PyFracVAL/cluster_data/vanilla/sigma_1p00__Df_2p00__N_896/fracval_N896_Df2p00_kf1p00_rpg1p0_rpgstd1p00_agg2_20260731-043959-553877.dat
vanilla,1.0,2.0,896,1.0,3,1419975978,True,896,0.0,0,30.004817742801762,0.2390606662143165,/home/mar/Development/PyFracVAL/cluster_data/vanilla/sigma_1p00__Df_2p00__N_896/fracval_N896_Df2p00_kf1p00_rpg1p0_rpgstd1p00_agg3_20260731-043959-758472.dat
vanilla,1.0,2.0,896,1.0,4,1320833658,True,896,0.0,0,30.004817742801766,0.23906066621432837,/home/mar/Development/PyFracVAL/cluster_data/vanilla/sigma_1p00__Df_2p00__N_896/fracval_N896_Df2p00_kf1p00_rpg1p0_rpgstd1p00_agg4_20260731-044000-524476.dat
vanilla,1.0,2.2,896,0.8,0,1814383667,True,896,0.0,0,24.554279128914356,0.9529458583359417,/home/mar/Development/PyFracVAL/cluster_data/vanilla/sigma_1p00__Df_2p20__N_896/fracval_N896_Df2p20_kf0p80_rpg1p0_rpgstd1p00_agg0_20260731-044000-936491.dat
vanilla,1.0,2.2,896,0.8,1,574967784,True,896,0.0,0,24.55427912891436,0.9529458583359564,/home/mar/Development/PyFracVAL/cluster_data/vanilla/sigma_1p00__Df_2p20__N_896/fracval_N896_Df2p20_kf0p80_rpg1p0_rpgstd1p00_agg1_20260731-044001-654572.dat
vanilla,1.0,2.2,896,0.8,2,477566357,True,896,0.0,0,24.554279128914356,0.9529458583359417,/home/mar/Development/PyFracVAL/cluster_data/vanilla/sigma_1p00__Df_2p20__N_896/fracval_N896_Df2p20_kf0p80_rpg1p0_rpgstd1p00_agg2_20260731-044002-160728.dat
vanilla,1.0,2.2,896,0.8,3,2098759358,True,896,0.0,0,24.554279128914356,0.9529458583359417,/home/mar/Development/PyFracVAL/cluster_data/vanilla/sigma_1p00__Df_2p20__N_896/fracval_N896_Df2p20_kf0p80_rpg1p0_rpgstd1p00_agg3_20260731-044002-802230.dat
vanilla,1.0,2.2,896,0.8,4,1310881286,True,896,0.0,0,24.554279128914356,0.9529458583359417,/home/mar/Development/PyFracVAL/cluster_data/vanilla/sigma_1p00__Df_2p20__N_896/fracval_N896_Df2p20_kf0p80_rpg1p0_rpgstd1p00_agg4_20260731-044003-363899.dat
vanilla,1.25,2.6,768,0.6,1,752994152,True,768,0.0,0,16.396867261907758,4.65688454410455,/home/mar/Development/PyFracVAL/cluster_data/vanilla/sigma_1p25__Df_2p60__N_768/fracval_N768_Df2p60_kf0p60_rpg1p0_rpgstd1p25_agg1_20260731-044019-300925.dat
vanilla,1.0,1.8,896,1.2,3,429479236,True,896,0.0,0,39.3519443249166,-0.27945123548607154,/home/mar/Development/PyFracVAL/cluster_data/vanilla/sigma_1p00__Df_1p80__N_896/fracval_N896_Df1p80_kf1p20_rpg1p0_rpgstd1p00_agg3_20260731-044020-185911.dat
vanilla,1.5,1.6,768,1.6,2,1143878753,True,768,0.0,0,47.812877011139676,-0.44578814700015734,/home/mar/Development/PyFracVAL/cluster_data/vanilla/sigma_1p50__Df_1p60__N_768/fracval_N768_Df1p60_kf1p60_rpg1p0_rpgstd1p50_agg2_20260731-044153-888448.dat
vanilla,1.0,1.8,896,1.2,0,347390786,True,896,0.0,0,39.3519443249166,-0.27945123548607154,/home/mar/Development/PyFracVAL/cluster_data/vanilla/sigma_1p00__Df_1p80__N_896/fracval_N896_Df1p80_kf1p20_rpg1p0_rpgstd1p00_agg0_20260731-044214-747014.dat
vanilla,1.25,1.8,896,1.8,0,1999126860,True,896,0.0,0,31.622951879117135,0.735780561851484,/home/mar/Development/PyFracVAL/cluster_data/vanilla/sigma_1p25__Df_1p80__N_896/fracval_N896_Df1p80_kf1p80_rpg1p0_rpgstd1p25_agg0_20260731-044215-795197.dat
vanilla,1.25,1.8,896,1.8,1,1817369349,True,896,0.0,0,31.476734243341664,0.6960946024943518,/home/mar/Development/PyFracVAL/cluster_data/vanilla/sigma_1p25__Df_1p80__N_896/fracval_N896_Df1p80_kf1p80_rpg1p0_rpgstd1p25_agg1_20260731-044217-020681.dat
vanilla,1.25,1.8,896,1.8,2,13253763,True,896,0.0,0,31.486198224838077,0.7028092714858817,/home/mar/Development/PyFracVAL/cluster_data/vanilla/sigma_1p25__Df_1p80__N_896/fracval_N896_Df1p80_kf1p80_rpg1p0_rpgstd1p25_agg2_20260731-044218-086865.dat
vanilla,1.25,1.8,896,1.8,3,456939691,True,896,0.0,0,32.004952637494576,0.6620036169431295,/home/mar/Development/PyFracVAL/cluster_data/vanilla/sigma_1p25__Df_1p80__N_896/fracval_N896_Df1p80_kf1p80_rpg1p0_rpgstd1p25_agg3_20260731-044219-120666.dat
vanilla,1.0,1.8,896,1.2,1,724185666,True,896,0.0,0,39.3519443249166,-0.27945123548607154,/home/mar/Development/PyFracVAL/cluster_data/vanilla/sigma_1p00__Df_1p80__N_896/fracval_N896_Df1p80_kf1p20_rpg1p0_rpgstd1p00_agg1_20260731-044219-605016.dat
vanilla,1.25,1.8,896,1.8,4,448725265,True,896,0.0,0,31.571852813972995,0.678775605082567,/home/mar/Development/PyFracVAL/cluster_data/vanilla/sigma_1p25__Df_1p80__N_896/fracval_N896_Df1p80_kf1p80_rpg1p0_rpgstd1p25_agg4_20260731-044220-182946.dat
vanilla,1.25,2.0,896,0.8,0,663931709,True,896,0.0,0,33.39963651934136,-0.4006215421012604,/home/mar/Development/PyFracVAL/cluster_data/vanilla/sigma_1p25__Df_2p00__N_896/fracval_N896_Df2p00_kf0p80_rpg1p0_rpgstd1p25_agg0_20260731-044220-858955.dat
vanilla,1.25,2.0,896,0.8,1,629063044,True,896,0.0,0,33.79294088180326,-0.3986222818711133,/home/mar/Development/PyFracVAL/cluster_data/vanilla/sigma_1p25__Df_2p00__N_896/fracval_N896_Df2p00_kf0p80_rpg1p0_rpgstd1p25_agg1_20260731-044221-216853.dat
vanilla,1.25,2.0,896,0.8,2,932214452,True,896,0.0,0,33.16918878295871,-0.4019863689249056,/home/mar/Development/PyFracVAL/cluster_data/vanilla/sigma_1p25__Df_2p00__N_896/fracval_N896_Df2p00_kf0p80_rpg1p0_rpgstd1p25_agg2_20260731-044222-166965.dat
vanilla,1.25,2.0,896,0.8,3,465816270,True,896,0.0,0,33.58980123075296,-0.43396316830710696,/home/mar/Development/PyFracVAL/cluster_data/vanilla/sigma_1p25__Df_2p00__N_896/fracval_N896_Df2p00_kf0p80_rpg1p0_rpgstd1p25_agg3_20260731-044222-521570.dat
vanilla,1.25,2.0,896,0.8,4,330362758,True,896,0.0,0,33.30746436436621,-0.3945784889723855,/home/mar/Development/PyFracVAL/cluster_data/vanilla/sigma_1p25__Df_2p00__N_896/fracval_N896_Df2p00_kf0p80_rpg1p0_rpgstd1p25_agg4_20260731-044223-158453.dat
vanilla,1.25,2.6,768,0.6,3,1735146071,True,768,0.0,0,16.396491480049757,4.617391232661205,/home/mar/Development/PyFracVAL/cluster_data/vanilla/sigma_1p25__Df_2p60__N_768/fracval_N768_Df2p60_kf0p60_rpg1p0_rpgstd1p25_agg3_20260731-044225-710185.dat
vanilla,1.25,2.2,896,1.6,0,923585553,True,896,0.0,0,18.592362030991744,4.761253512020044,/home/mar/Development/PyFracVAL/cluster_data/vanilla/sigma_1p25__Df_2p20__N_896/fracval_N896_Df2p20_kf1p60_rpg1p0_rpgstd1p25_agg0_20260731-044225-848004.dat
vanilla,1.25,2.2,896,1.6,1,30882157,True,896,0.0,0,18.65197788837431,4.8732564505259806,/home/mar/Development/PyFracVAL/cluster_data/vanilla/sigma_1p25__Df_2p20__N_896/fracval_N896_Df2p20_kf1p60_rpg1p0_rpgstd1p25_agg1_20260731-044228-988595.dat
vanilla,1.0,1.8,896,1.2,2,1752309148,True,896,0.0,0,39.3519443249166,-0.27945123548607154,/home/mar/Development/PyFracVAL/cluster_data/vanilla/sigma_1p00__Df_1p80__N_896/fracval_N896_Df1p80_kf1p20_rpg1p0_rpgstd1p00_agg2_20260731-044229-234297.dat
vanilla,1.25,2.2,896,1.6,2,851644626,True,896,0.0,0,18.582113908630188,4.764943698968744,/home/mar/Development/PyFracVAL/cluster_data/vanilla/sigma_1p25__Df_2p20__N_896/fracval_N896_Df2p20_kf1p60_rpg1p0_rpgstd1p25_agg2_20260731-044229-364958.dat
vanilla,1.25,2.4,896,0.6,0,1540082415,True,896,0.0,0,21.246245505545048,1.4408590119746874,/home/mar/Development/PyFracVAL/cluster_data/vanilla/sigma_1p25__Df_2p40__N_896/fracval_N896_Df2p40_kf0p60_rpg1p0_rpgstd1p25_agg0_20260731-044230-855652.dat
vanilla,1.25,2.4,896,0.6,1,546065212,True,896,0.0,0,21.419179298812114,1.55199361738555,/home/mar/Development/PyFracVAL/cluster_data/vanilla/sigma_1p25__Df_2p40__N_896/fracval_N896_Df2p40_kf0p60_rpg1p0_rpgstd1p25_agg1_20260731-044230-903758.dat
vanilla,1.25,2.4,896,0.6,4,1401375848,True,896,0.0,0,21.413994419189113,1.6007504800856691,/home/mar/Development/PyFracVAL/cluster_data/vanilla/sigma_1p25__Df_2p40__N_896/fracval_N896_Df2p40_kf0p60_rpg1p0_rpgstd1p25_agg4_20260731-044232-435316.dat
vanilla,1.25,2.4,896,0.6,3,108154765,True,896,0.0,0,21.484780930836372,1.6256318713597802,/home/mar/Development/PyFracVAL/cluster_data/vanilla/sigma_1p25__Df_2p40__N_896/fracval_N896_Df2p40_kf0p60_rpg1p0_rpgstd1p25_agg3_20260731-044232-688583.dat
vanilla,1.25,2.2,896,1.6,3,538184207,True,896,0.0,0,18.346093191011533,4.802290665489604,/home/mar/Development/PyFracVAL/cluster_data/vanilla/sigma_1p25__Df_2p20__N_896/fracval_N896_Df2p20_kf1p60_rpg1p0_rpgstd1p25_agg3_20260731-044237-755384.dat
vanilla,1.25,2.4,896,0.6,2,1701155836,True,896,0.0,0,21.4717729664913,1.638306400602784,/home/mar/Development/PyFracVAL/cluster_data/vanilla/sigma_1p25__Df_2p40__N_896/fracval_N896_Df2p40_kf0p60_rpg1p0_rpgstd1p25_agg2_20260731-044239-565503.dat
vanilla,1.0,1.8,896,1.2,4,915891117,True,896,0.0,0,39.3519443249166,-0.27945123548607154,/home/mar/Development/PyFracVAL/cluster_data/vanilla/sigma_1p00__Df_1p80__N_896/fracval_N896_Df1p80_kf1p20_rpg1p0_rpgstd1p00_agg4_20260731-044245-834921.dat
vanilla,1.5,1.6,896,1.6,1,1918644116,True,896,0.0,0,53.15018033081629,-0.3926789582336952,/home/mar/Development/PyFracVAL/cluster_data/vanilla/sigma_1p50__Df_1p60__N_896/fracval_N896_Df1p60_kf1p60_rpg1p0_rpgstd1p50_agg1_20260731-044247-409084.dat
vanilla,1.5,1.6,896,1.6,2,896926240,True,896,0.0,0,52.08509143900525,-0.3964553862191368,/home/mar/Development/PyFracVAL/cluster_data/vanilla/sigma_1p50__Df_1p60__N_896/fracval_N896_Df1p60_kf1p60_rpg1p0_rpgstd1p50_agg2_20260731-044248-589219.dat
vanilla,1.5,1.6,896,1.6,3,1597422638,True,896,0.0,0,52.352624633466206,-0.4024162725134591,/home/mar/Development/PyFracVAL/cluster_data/vanilla/sigma_1p50__Df_1p60__N_896/fracval_N896_Df1p60_kf1p60_rpg1p0_rpgstd1p50_agg3_20260731-044249-729173.dat
vanilla,1.0,2.0,896,1.0,0,293039908,True,896,0.0,0,30.004817742801762,0.2390606662143165,/home/mar/Development/PyFracVAL/cluster_data/vanilla/sigma_1p00__Df_2p00__N_896/fracval_N896_Df2p00_kf1p00_rpg1p0_rpgstd1p00_agg0_20260731-044250-651145.dat
vanilla,1.5,1.6,896,1.6,4,1490803913,True,896,0.0,0,52.02895244691887,-0.3783304603265533,/home/mar/Development/PyFracVAL/cluster_data/vanilla/sigma_1p50__Df_1p60__N_896/fracval_N896_Df1p60_kf1p60_rpg1p0_rpgstd1p50_agg4_20260731-044251-298473.dat
vanilla,1.5,1.8,896,1.2,0,217005941,True,896,0.0,0,39.337636731193335,-0.32934357509643825,/home/mar/Development/PyFracVAL/cluster_data/vanilla/sigma_1p50__Df_1p80__N_896/fracval_N896_Df1p80_kf1p20_rpg1p0_rpgstd1p50_agg0_20260731-044252-473218.dat
vanilla,1.5,1.8,896,1.2,1,658419329,True,896,0.0,0,39.33274118950924,-0.26402969933898424,/home/mar/Development/PyFracVAL/cluster_data/vanilla/sigma_1p50__Df_1p80__N_896/fracval_N896_Df1p80_kf1p20_rpg1p0_rpgstd1p50_agg1_20260731-044253-246594.dat
vanilla,1.5,1.8,896,1.2,2,1254924016,True,896,0.0,0,40.22711501528345,-0.3063292699385932,/home/mar/Development/PyFracVAL/cluster_data/vanilla/sigma_1p50__Df_1p80__N_896/fracval_N896_Df1p80_kf1p20_rpg1p0_rpgstd1p50_agg2_20260731-044254-361904.dat
vanilla,1.5,1.8,896,1.2,3,471935507,True,896,0.0,0,40.2181235343113,-0.30266982614992205,/home/mar/Development/PyFracVAL/cluster_data/vanilla/sigma_1p50__Df_1p80__N_896/fracval_N896_Df1p80_kf1p20_rpg1p0_rpgstd1p50_agg3_20260731-044254-576516.dat
vanilla,1.5,1.8,896,1.2,4,705547241,True,896,0.0,0,38.56867514070671,-0.3541384884274695,/home/mar/Development/PyFracVAL/cluster_data/vanilla/sigma_1p50__Df_1p80__N_896/fracval_N896_Df1p80_kf1p20_rpg1p0_rpgstd1p50_agg4_20260731-044255-552350.dat
vanilla,1.5,2.0,896,1.8,0,650484905,True,896,0.0,0,22.74352882773361,2.4953803393929093,/home/mar/Development/PyFracVAL/cluster_data/vanilla/sigma_1p50__Df_2p00__N_896/fracval_N896_Df2p00_kf1p80_rpg1p0_rpgstd1p50_agg0_20260731-044256-490935.dat
vanilla,1.5,2.0,896,1.8,1,1467592687,True,896,0.0,0,23.114300184117628,2.5629537956664934,/home/mar/Development/PyFracVAL/cluster_data/vanilla/sigma_1p50__Df_2p00__N_896/fracval_N896_Df2p00_kf1p80_rpg1p0_rpgstd1p50_agg1_20260731-044257-813050.dat
vanilla,1.5,2.0,896,1.8,2,78505319,True,896,0.0,0,22.683875468267463,2.6441656466438337,/home/mar/Development/PyFracVAL/cluster_data/vanilla/sigma_1p50__Df_2p00__N_896/fracval_N896_Df2p00_kf1p80_rpg1p0_rpgstd1p50_agg2_20260731-044258-853564.dat
vanilla,1.5,2.0,896,1.8,3,1586595490,True,896,0.0,0,23.206544224334266,2.5844414672794134,/home/mar/Development/PyFracVAL/cluster_data/vanilla/sigma_1p50__Df_2p00__N_896/fracval_N896_Df2p00_kf1p80_rpg1p0_rpgstd1p50_agg3_20260731-044259-835645.dat
vanilla,1.5,2.0,896,1.8,4,20848938,True,896,0.0,0,23.000058676931317,2.579619596827835,/home/mar/Development/PyFracVAL/cluster_data/vanilla/sigma_1p50__Df_2p00__N_896/fracval_N896_Df2p00_kf1p80_rpg1p0_rpgstd1p50_agg4_20260731-044301-232594.dat
vanilla,1.5,2.2,896,0.6,0,1630243180,True,896,0.0,0,28.195500338742395,-0.029920171777956486,/home/mar/Development/PyFracVAL/cluster_data/vanilla/sigma_1p50__Df_2p20__N_896/fracval_N896_Df2p20_kf0p60_rpg1p0_rpgstd1p50_agg0_20260731-044301-493165.dat
vanilla,1.5,2.2,896,0.6,1,1926660253,True,896,0.0,0,27.81256649914143,-0.2639066249152573,/home/mar/Development/PyFracVAL/cluster_data/vanilla/sigma_1p50__Df_2p20__N_896/fracval_N896_Df2p20_kf0p60_rpg1p0_rpgstd1p50_agg1_20260731-044303-359703.dat
vanilla,1.5,2.2,896,0.6,2,1089103527,True,896,0.0,0,27.717129941994287,-0.13591088897262285,/home/mar/Development/PyFracVAL/cluster_data/vanilla/sigma_1p50__Df_2p20__N_896/fracval_N896_Df2p20_kf0p60_rpg1p0_rpgstd1p50_agg2_20260731-044303-787011.dat
vanilla,1.5,2.2,896,0.6,3,700030284,True,896,0.0,0,27.59406420331419,-0.1384387363070222,/home/mar/Development/PyFracVAL/cluster_data/vanilla/sigma_1p50__Df_2p20__N_896/fracval_N896_Df2p20_kf0p60_rpg1p0_rpgstd1p50_agg3_20260731-044304-985972.dat
vanilla,1.5,2.2,896,0.6,4,1142049846,True,896,0.0,0,27.506860157782558,-0.14328322054614795,/home/mar/Development/PyFracVAL/cluster_data/vanilla/sigma_1p50__Df_2p20__N_896/fracval_N896_Df2p20_kf0p60_rpg1p0_rpgstd1p50_agg4_20260731-044305-093179.dat
vanilla,1.5,2.4,896,0.8,1,1197187162,True,896,0.0,0,19.14259851282133,3.387527814501074,/home/mar/Development/PyFracVAL/cluster_data/vanilla/sigma_1p50__Df_2p40__N_896/fracval_N896_Df2p40_kf0p80_rpg1p0_rpgstd1p50_agg1_20260731-044311-258294.dat
vanilla,1.5,2.4,896,0.8,2,1785323845,True,896,0.0,0,19.23483136863531,3.1950153702353137,/home/mar/Development/PyFracVAL/cluster_data/vanilla/sigma_1p50__Df_2p40__N_896/fracval_N896_Df2p40_kf0p80_rpg1p0_rpgstd1p50_agg2_20260731-044317-264100.dat
vanilla,1.5,2.4,896,0.8,3,1726340665,True,896,0.0,0,19.041948861428832,3.2684842522182755,/home/mar/Development/PyFracVAL/cluster_data/vanilla/sigma_1p50__Df_2p40__N_896/fracval_N896_Df2p40_kf0p80_rpg1p0_rpgstd1p50_agg3_20260731-044320-759659.dat
vanilla,1.25,2.6,768,0.6,2,581563502,True,768,0.0,0,16.60899536663708,4.615975443447985,/home/mar/Development/PyFracVAL/cluster_data/vanilla/sigma_1p25__Df_2p60__N_768/fracval_N768_Df2p60_kf0p60_rpg1p0_rpgstd1p25_agg2_20260731-044334-780566.dat
vanilla,1.25,2.6,768,0.6,4,2102593087,True,768,0.0,0,16.26991869741559,4.533680859309731,/home/mar/Development/PyFracVAL/cluster_data/vanilla/sigma_1p25__Df_2p60__N_768/fracval_N768_Df2p60_kf0p60_rpg1p0_rpgstd1p25_agg4_20260731-044339-638174.dat
vanilla,1.5,2.4,896,0.8,4,1130021481,True,896,0.0,0,19.461120834964934,3.357857692963948,/home/mar/Development/PyFracVAL/cluster_data/vanilla/sigma_1p50__Df_2p40__N_896/fracval_N896_Df2p40_kf0p80_rpg1p0_rpgstd1p50_agg4_20260731-044341-223256.dat
vanilla,1.25,1.6,896,1.4,0,1021270288,True,896,0.0,0,55.7531787499127,-0.5336482935382063,/home/mar/Development/PyFracVAL/cluster_data/vanilla/sigma_1p25__Df_1p60__N_896/fracval_N896_Df1p60_kf1p40_rpg1p0_rpgstd1p25_agg0_20260731-044455-218204.dat
vanilla,1.0,1.6,1024,1.8,3,1241179483,True,1024,0.0,0,52.622040778334814,-0.16667641582563364,/home/mar/Development/PyFracVAL/cluster_data/vanilla/sigma_1p00__Df_1p60__N_1024/fracval_N1024_Df1p60_kf1p80_rpg1p0_rpgstd1p00_agg3_20260731-044456-289159.dat
vanilla,1.0,1.6,1024,1.8,4,1044895531,True,1024,0.0,0,52.6220407783348,-0.16667641582566062,/home/mar/Development/PyFracVAL/cluster_data/vanilla/sigma_1p00__Df_1p60__N_1024/fracval_N1024_Df1p60_kf1p80_rpg1p0_rpgstd1p00_agg4_20260731-044457-271399.dat
vanilla,1.0,2.0,1024,1.0,0,585135518,True,1024,0.0,0,32.0660063975592,0.20626999237249866,/home/mar/Development/PyFracVAL/cluster_data/vanilla/sigma_1p00__Df_2p00__N_1024/fracval_N1024_Df2p00_kf1p00_rpg1p0_rpgstd1p00_agg0_20260731-044458-609008.dat
vanilla,1.0,2.0,1024,1.0,1,1109579270,True,1024,0.0,0,32.0660063975592,0.20626999237249866,/home/mar/Development/PyFracVAL/cluster_data/vanilla/sigma_1p00__Df_2p00__N_1024/fracval_N1024_Df2p00_kf1p00_rpg1p0_rpgstd1p00_agg1_20260731-044459-845941.dat
vanilla,1.0,2.0,1024,1.0,2,580948263,True,1024,0.0,0,32.066006397559185,0.20626999237245425,/home/mar/Development/PyFracVAL/cluster_data/vanilla/sigma_1p00__Df_2p00__N_1024/fracval_N1024_Df2p00_kf1p00_rpg1p0_rpgstd1p00_agg2_20260731-044501-138755.dat
vanilla,1.0,2.0,1024,1.0,3,698352332,True,1024,0.0,0,32.066006397559185,0.20626999237245425,/home/mar/Development/PyFracVAL/cluster_data/vanilla/sigma_1p00__Df_2p00__N_1024/fracval_N1024_Df2p00_kf1p00_rpg1p0_rpgstd1p00_agg3_20260731-044502-362760.dat
vanilla,1.0,2.0,1024,1.0,4,505747596,True,1024,0.0,0,32.06600639755919,0.20626999237247645,/home/mar/Development/PyFracVAL/cluster_data/vanilla/sigma_1p00__Df_2p00__N_1024/fracval_N1024_Df2p00_kf1p00_rpg1p0_rpgstd1p00_agg4_20260731-044503-528649.dat
vanilla,1.0,2.2,1024,1.0,0,1792763235,True,1024,0.0,0,23.75466145289578,1.7256991052152972,/home/mar/Development/PyFracVAL/cluster_data/vanilla/sigma_1p00__Df_2p20__N_1024/fracval_N1024_Df2p20_kf1p00_rpg1p0_rpgstd1p00_agg0_20260731-044505-070023.dat
vanilla,1.0,2.2,1024,1.0,1,1140641486,True,1024,0.0,0,23.75466145289577,1.7256991052152666,/home/mar/Development/PyFracVAL/cluster_data/vanilla/sigma_1p00__Df_2p20__N_1024/fracval_N1024_Df2p20_kf1p00_rpg1p0_rpgstd1p00_agg1_20260731-044506-589906.dat
vanilla,1.25,1.6,896,1.4,1,1123084860,True,896,0.0,0,56.57876774425265,-0.4977459388738526,/home/mar/Development/PyFracVAL/cluster_data/vanilla/sigma_1p25__Df_1p60__N_896/fracval_N896_Df1p60_kf1p40_rpg1p0_rpgstd1p25_agg1_20260731-044506-910792.dat
vanilla,1.25,1.6,896,1.4,3,1831388613,True,896,0.0,0,56.47419779104784,-0.5285829651040936,/home/mar/Development/PyFracVAL/cluster_data/vanilla/sigma_1p25__Df_1p60__N_896/fracval_N896_Df1p60_kf1p40_rpg1p0_rpgstd1p25_agg3_20260731-044507-821102.dat
vanilla,1.25,1.6,896,1.4,2,1419754909,True,896,0.0,0,55.972118012683836,-0.5448611629890713,/home/mar/Development/PyFracVAL/cluster_data/vanilla/sigma_1p25__Df_1p60__N_896/fracval_N896_Df1p60_kf1p40_rpg1p0_rpgstd1p25_agg2_20260731-044507-907401.dat
vanilla,1.0,2.2,1024,1.0,2,1182855491,True,1024,0.0,0,23.75466145289578,1.7256991052152972,/home/mar/Development/PyFracVAL/cluster_data/vanilla/sigma_1p00__Df_2p20__N_1024/fracval_N1024_Df2p20_kf1p00_rpg1p0_rpgstd1p00_agg2_20260731-044508-304035.dat
vanilla,1.0,2.2,1024,1.0,3,790062948,True,1024,0.0,0,23.75466145289578,1.7256991052152972,/home/mar/Development/PyFracVAL/cluster_data/vanilla/sigma_1p00__Df_2p20__N_1024/fracval_N1024_Df2p20_kf1p00_rpg1p0_rpgstd1p00_agg3_20260731-044508-379049.dat
vanilla,1.0,2.2,1024,1.0,4,2067553782,True,1024,0.0,0,23.75466145289577,1.7256991052152666,/home/mar/Development/PyFracVAL/cluster_data/vanilla/sigma_1p00__Df_2p20__N_1024/fracval_N1024_Df2p20_kf1p00_rpg1p0_rpgstd1p00_agg4_20260731-044510-344597.dat
vanilla,1.25,1.8,1024,0.8,0,1278728368,True,1024,0.0,0,53.112486431381164,-0.7983569233881789,/home/mar/Development/PyFracVAL/cluster_data/vanilla/sigma_1p25__Df_1p80__N_1024/fracval_N1024_Df1p80_kf0p80_rpg1p0_rpgstd1p25_agg0_20260731-044511-608251.dat
vanilla,1.25,1.8,1024,0.8,2,330447172,True,1024,0.0,0,52.74321030015188,-0.7807522696092579,/home/mar/Development/PyFracVAL/cluster_data/vanilla/sigma_1p25__Df_1p80__N_1024/fracval_N1024_Df1p80_kf0p80_rpg1p0_rpgstd1p25_agg2_20260731-044512-684976.dat
vanilla,1.25,1.8,1024,0.8,3,1106461571,True,1024,0.0,0,53.174185617658715,-0.7995997863204171,/home/mar/Development/PyFracVAL/cluster_data/vanilla/sigma_1p25__Df_1p80__N_1024/fracval_N1024_Df1p80_kf0p80_rpg1p0_rpgstd1p25_agg3_20260731-044513-879199.dat
vanilla,1.25,1.8,1024,0.8,4,113311422,True,1024,0.0,0,52.72282299959075,-0.7891717642922708,/home/mar/Development/PyFracVAL/cluster_data/vanilla/sigma_1p25__Df_1p80__N_1024/fracval_N1024_Df1p80_kf0p80_rpg1p0_rpgstd1p25_agg4_20260731-044515-138085.dat
vanilla,1.25,1.6,896,1.4,4,665893823,True,896,0.0,0,56.45609891433961,-0.510406146141436,/home/mar/Development/PyFracVAL/cluster_data/vanilla/sigma_1p25__Df_1p60__N_896/fracval_N896_Df1p60_kf1p40_rpg1p0_rpgstd1p25_agg4_20260731-044516-128664.dat
vanilla,1.25,2.2,1024,1.0,0,1454972707,True,1024,0.0,0,23.785462553439093,1.6999349162235264,/home/mar/Development/PyFracVAL/cluster_data/vanilla/sigma_1p25__Df_2p20__N_1024/fracval_N1024_Df2p20_kf1p00_rpg1p0_rpgstd1p25_agg0_20260731-044516-922213.dat
vanilla,1.25,2.2,1024,1.0,2,189767418,True,1024,0.0,0,23.75051706190474,1.5976882015111322,/home/mar/Development/PyFracVAL/cluster_data/vanilla/sigma_1p25__Df_2p20__N_1024/fracval_N1024_Df2p20_kf1p00_rpg1p0_rpgstd1p25_agg2_20260731-044517-931753.dat
vanilla,1.25,2.2,1024,1.0,1,713696509,True,1024,0.0,0,24.030625770630547,1.7914109214385576,/home/mar/Development/PyFracVAL/cluster_data/vanilla/sigma_1p25__Df_2p20__N_1024/fracval_N1024_Df2p20_kf1p00_rpg1p0_rpgstd1p25_agg1_20260731-044518-950300.dat
vanilla,1.25,2.2,1024,1.0,3,353565872,True,1024,0.0,0,23.657061173168,1.7433130227210616,/home/mar/Development/PyFracVAL/cluster_data/vanilla/sigma_1p25__Df_2p20__N_1024/fracval_N1024_Df2p20_kf1p00_rpg1p0_rpgstd1p25_agg3_20260731-044520-134946.dat
vanilla,1.25,2.2,1024,1.0,4,1986558917,True,1024,0.0,0,23.867762502311987,1.723215951813929,/home/mar/Development/PyFracVAL/cluster_data/vanilla/sigma_1p25__Df_2p20__N_1024/fracval_N1024_Df2p20_kf1p00_rpg1p0_rpgstd1p25_agg4_20260731-044520-634744.dat
vanilla,1.25,2.2,896,1.6,4,853326473,True,896,0.0,0,18.572586069643094,4.821707154060916,/home/mar/Development/PyFracVAL/cluster_data/vanilla/sigma_1p25__Df_2p20__N_896/fracval_N896_Df2p20_kf1p60_rpg1p0_rpgstd1p25_agg4_20260731-044530-865605.dat
vanilla,1.5,1.6,896,1.6,0,1715013047,True,896,0.0,0,51.77786757627587,-0.4025677009386469,/home/mar/Development/PyFracVAL/cluster_data/vanilla/sigma_1p50__Df_1p60__N_896/fracval_N896_Df1p60_kf1p60_rpg1p0_rpgstd1p50_agg0_20260731-044541-633425.dat
vanilla,1.5,2.4,896,0.8,0,787503823,True,896,0.0,0,19.141236662064415,3.2699245722669366,/home/mar/Development/PyFracVAL/cluster_data/vanilla/sigma_1p50__Df_2p40__N_896/fracval_N896_Df2p40_kf0p80_rpg1p0_rpgstd1p50_agg0_20260731-044625-810987.dat
vanilla,1.0,1.6,1024,1.8,0,705469727,True,1024,0.0,0,52.62204077833482,-0.16667641582562018,/home/mar/Development/PyFracVAL/cluster_data/vanilla/sigma_1p00__Df_1p60__N_1024/fracval_N1024_Df1p60_kf1p80_rpg1p0_rpgstd1p00_agg0_20260731-044636-166828.dat
vanilla,1.5,1.8,1024,1.6,0,1595369334,True,1024,0.0,0,36.08717742015431,0.29497767074309134,/home/mar/Development/PyFracVAL/cluster_data/vanilla/sigma_1p50__Df_1p80__N_1024/fracval_N1024_Df1p80_kf1p60_rpg1p0_rpgstd1p50_agg0_20260731-044638-238257.dat
vanilla,1.5,1.8,1024,1.6,1,793661907,True,1024,0.0,0,36.5954793108943,0.2888173309075758,/home/mar/Development/PyFracVAL/cluster_data/vanilla/sigma_1p50__Df_1p80__N_1024/fracval_N1024_Df1p80_kf1p60_rpg1p0_rpgstd1p50_agg1_20260731-044640-034921.dat
vanilla,1.0,1.6,1024,1.8,1,2143054974,True,1024,0.0,0,52.622040778334814,-0.16667641582563364,/home/mar/Development/PyFracVAL/cluster_data/vanilla/sigma_1p00__Df_1p60__N_1024/fracval_N1024_Df1p60_kf1p80_rpg1p0_rpgstd1p00_agg1_20260731-044640-931005.dat
vanilla,1.5,1.8,1024,1.6,2,352074297,True,1024,0.0,0,35.92936517543669,0.2598441080828825,/home/mar/Development/PyFracVAL/cluster_data/vanilla/sigma_1p50__Df_1p80__N_1024/fracval_N1024_Df1p80_kf1p60_rpg1p0_rpgstd1p50_agg2_20260731-044641-717001.dat
vanilla,1.0,1.6,1024,1.8,2,2145422486,True,1024,0.0,0,52.622040778334814,-0.16667641582563364,/home/mar/Development/PyFracVAL/cluster_data/vanilla/sigma_1p00__Df_1p60__N_1024/fracval_N1024_Df1p60_kf1p80_rpg1p0_rpgstd1p00_agg2_20260731-044642-184959.dat
vanilla,1.5,1.8,1024,1.6,3,142298415,True,1024,0.0,0,37.12043855052301,0.3124783241732793,/home/mar/Development/PyFracVAL/cluster_data/vanilla/sigma_1p50__Df_1p80__N_1024/fracval_N1024_Df1p80_kf1p60_rpg1p0_rpgstd1p50_agg3_20260731-044643-530238.dat
vanilla,1.5,1.8,1024,1.6,4,1135064922,True,1024,0.0,0,35.59024535191398,0.3284832543235134,/home/mar/Development/PyFracVAL/cluster_data/vanilla/sigma_1p50__Df_1p80__N_1024/fracval_N1024_Df1p80_kf1p60_rpg1p0_rpgstd1p50_agg4_20260731-044643-833459.dat
vanilla,1.5,2.2,1024,1.0,1,721232324,True,1024,0.0,0,23.765149146356084,1.686450190551218,/home/mar/Development/PyFracVAL/cluster_data/vanilla/sigma_1p50__Df_2p20__N_1024/fracval_N1024_Df2p20_kf1p00_rpg1p0_rpgstd1p50_agg1_20260731-044644-761851.dat
vanilla,1.5,2.2,1024,1.0,0,904176657,True,1024,0.0,0,23.789531735092794,1.7258494450539044,/home/mar/Development/PyFracVAL/cluster_data/vanilla/sigma_1p50__Df_2p20__N_1024/fracval_N1024_Df2p20_kf1p00_rpg1p0_rpgstd1p50_agg0_20260731-044646-002672.dat
vanilla,1.5,2.2,1024,1.0,2,29187087,True,1024,0.0,0,23.687360417490886,1.5520500037869887,/home/mar/Development/PyFracVAL/cluster_data/vanilla/sigma_1p50__Df_2p20__N_1024/fracval_N1024_Df2p20_kf1p00_rpg1p0_rpgstd1p50_agg2_20260731-044646-229252.dat
vanilla,1.5,2.2,1024,1.0,3,561342413,True,1024,0.0,0,24.133864180896467,1.719703128080183,/home/mar/Development/PyFracVAL/cluster_data/vanilla/sigma_1p50__Df_2p20__N_1024/fracval_N1024_Df2p20_kf1p00_rpg1p0_rpgstd1p50_agg3_20260731-044647-853646.dat
vanilla,1.5,2.2,1024,1.0,4,797518625,True,1024,0.0,0,23.528474912760245,1.6022179965083607,/home/mar/Development/PyFracVAL/cluster_data/vanilla/sigma_1p50__Df_2p20__N_1024/fracval_N1024_Df2p20_kf1p00_rpg1p0_rpgstd1p50_agg4_20260731-044648-778648.dat
vanilla,1.25,1.8,1024,0.8,1,17962475,True,1024,0.0,0,53.096009861072375,-0.7861005025131174,/home/mar/Development/PyFracVAL/cluster_data/vanilla/sigma_1p25__Df_1p80__N_1024/fracval_N1024_Df1p80_kf0p80_rpg1p0_rpgstd1p25_agg1_20260731-044810-632673.dat
vanilla,1.25,2.0,8,0.6,5,183724471,True,8,0.0,0,3.117562752218165,-16.764406207375163,/home/mar/Development/PyFracVAL/cluster_data/vanilla/sigma_1p25__Df_2p00__N_8/fracval_N8_Df2p00_kf0p60_rpg1p0_rpgstd1p25_agg5_20260731-044935-980817.dat
vanilla,1.5,1.6,8,1.0,5,1923224245,True,8,0.0,0,3.823764551905474,-11.311247319454761,/home/mar/Development/PyFracVAL/cluster_data/vanilla/sigma_1p50__Df_1p60__N_8/fracval_N8_Df1p60_kf1p00_rpg1p0_rpgstd1p50_agg5_20260731-044937-634922.dat
vanilla,1.5,1.6,8,1.0,6,253208785,True,8,0.0,0,3.0880257396950888,-9.355080996921743,/home/mar/Development/PyFracVAL/cluster_data/vanilla/sigma_1p50__Df_1p60__N_8/fracval_N8_Df1p60_kf1p00_rpg1p0_rpgstd1p50_agg6_20260731-044937-998922.dat
vanilla,1.0,2.0,16,0.6,5,1027667484,True,16,0.0,0,4.716752157967194,-8.660487220025818,/home/mar/Development/PyFracVAL/cluster_data/vanilla/sigma_1p00__Df_2p00__N_16/fracval_N16_Df2p00_kf0p60_rpg1p0_rpgstd1p00_agg5_20260731-044939-503027.dat
vanilla,1.25,1.4,16,1.4,5,936409379,True,16,0.0,0,5.613910423160314,-4.063575726472369,/home/mar/Development/PyFracVAL/cluster_data/vanilla/sigma_1p25__Df_1p40__N_16/fracval_N16_Df1p40_kf1p40_rpg1p0_rpgstd1p25_agg5_20260731-044939-544970.dat
vanilla,1.25,1.4,16,1.4,6,608226485,True,16,0.0,0,5.158726407809351,-3.725874215923932,/home/mar/Development/PyFracVAL/cluster_data/vanilla/sigma_1p25__Df_1p40__N_16/fracval_N16_Df1p40_kf1p40_rpg1p0_rpgstd1p25_agg6_20260731-044939-725922.dat
vanilla,1.25,1.6,16,1.0,5,2143803070,True,16,0.0,0,4.845549833269598,-6.2734846770376125,/home/mar/Development/PyFracVAL/cluster_data/vanilla/sigma_1p25__Df_1p60__N_16/fracval_N16_Df1p60_kf1p00_rpg1p0_rpgstd1p25_agg5_20260731-044939-981016.dat
vanilla,1.25,1.6,16,1.0,6,1608899843,True,16,0.0,0,5.035360604266515,-6.442233079498176,/home/mar/Development/PyFracVAL/cluster_data/vanilla/sigma_1p25__Df_1p60__N_16/fracval_N16_Df1p60_kf1p00_rpg1p0_rpgstd1p25_agg6_20260731-044940-289923.dat
vanilla,1.25,1.6,16,1.0,7,1362076262,True,16,0.0,0,5.294368940227795,-6.315304914729348,/home/mar/Development/PyFracVAL/cluster_data/vanilla/sigma_1p25__Df_1p60__N_16/fracval_N16_Df1p60_kf1p00_rpg1p0_rpgstd1p25_agg7_20260731-044940-440998.dat
vanilla,1.5,1.4,16,1.4,5,798715480,True,16,0.0,0,5.445545254657461,-3.575563190615648,/home/mar/Development/PyFracVAL/cluster_data/vanilla/sigma_1p50__Df_1p40__N_16/fracval_N16_Df1p40_kf1p40_rpg1p0_rpgstd1p50_agg5_20260731-044941-135740.dat
vanilla,1.5,1.8,16,0.6,6,522277962,True,16,0.0,0,6.205441445883908,-12.413453595085103,/home/mar/Development/PyFracVAL/cluster_data/vanilla/sigma_1p50__Df_1p80__N_16/fracval_N16_Df1p80_kf0p60_rpg1p0_rpgstd1p50_agg6_20260731-044941-796157.dat
vanilla,1.0,2.6,64,1.2,5,2128876325,True,64,0.0,0,4.787348946646845,3.7205483406265354,/home/mar/Development/PyFracVAL/cluster_data/vanilla/sigma_1p00__Df_2p60__N_64/fracval_N64_Df2p60_kf1p20_rpg1p0_rpgstd1p00_agg5_20260731-044950-097972.dat
vanilla,1.0,2.4,128,1.6,5,1356825097,True,128,0.0,0,6.638637096783691,6.9362049020479155,/home/mar/Development/PyFracVAL/cluster_data/vanilla/sigma_1p00__Df_2p40__N_128/fracval_N128_Df2p40_kf1p60_rpg1p0_rpgstd1p00_agg5_20260731-045020-762449.dat
vanilla,1.25,2.6,64,1.2,6,246805256,True,64,0.0,0,4.759865057214297,3.4364949315870508,/home/mar/Development/PyFracVAL/cluster_data/vanilla/sigma_1p25__Df_2p60__N_64/fracval_N64_Df2p60_kf1p20_rpg1p0_rpgstd1p25_agg6_20260731-045249-785031.dat
vanilla,1.0,2.6,640,0.8,9,556502149,True,640,0.0,0,14.170766114576935,8.347840124944149,/home/mar/Development/PyFracVAL/cluster_data/vanilla/sigma_1p00__Df_2p60__N_640/fracval_N640_Df2p60_kf0p80_rpg1p0_rpgstd1p00_agg9_20260731-050201-088053.dat
vanilla,1.5,2.4,768,1.0,5,1558944150,True,768,0.0,0,16.536453184323737,5.423317620320443,/home/mar/Development/PyFracVAL/cluster_data/vanilla/sigma_1p50__Df_2p40__N_768/fracval_N768_Df2p40_kf1p00_rpg1p0_rpgstd1p50_agg5_20260731-050420-635326.dat
vanilla,1.5,2.4,768,1.0,8,51651547,True,768,0.0,0,16.554730174676465,4.868881853068232,/home/mar/Development/PyFracVAL/cluster_data/vanilla/sigma_1p50__Df_2p40__N_768/fracval_N768_Df2p40_kf1p00_rpg1p0_rpgstd1p50_agg8_20260731-050530-631742.dat
vanilla,1.5,2.4,768,1.0,7,957066514,True,768,0.0,0,16.624128174946698,5.3401881336742205,/home/mar/Development/PyFracVAL/cluster_data/vanilla/sigma_1p50__Df_2p40__N_768/fracval_N768_Df2p40_kf1p00_rpg1p0_rpgstd1p50_agg7_20260731-050657-320870.dat
vanilla,1.25,2.6,32,1.2,7,349981596,True,32,0.0,0,3.710303964812828,4.306637269068955,/home/mar/Development/PyFracVAL/cluster_data/vanilla/sigma_1p25__Df_2p60__N_32/fracval_N32_Df2p60_kf1p20_rpg1p0_rpgstd1p25_agg7_20260731-050727-410693.dat
vanilla,1.25,2.6,32,1.2,8,109430479,True,32,0.0,0,3.7473344236680455,4.298330283545983,/home/mar/Development/PyFracVAL/cluster_data/vanilla/sigma_1p25__Df_2p60__N_32/fracval_N32_Df2p60_kf1p20_rpg1p0_rpgstd1p25_agg8_20260731-051041-691098.dat
vanilla,1.0,2.6,64,1.2,9,1515265486,True,64,0.0,0,4.787348946646845,3.7205483406265354,/home/mar/Development/PyFracVAL/cluster_data/vanilla/sigma_1p00__Df_2p60__N_64/fracval_N64_Df2p60_kf1p20_rpg1p0_rpgstd1p00_agg9_20260731-051138-924013.dat
vanilla,1.5,1.8,16,0.6,9,811971352,True,16,0.0,0,4.985596555256691,-10.095210535923293,/home/mar/Development/PyFracVAL/cluster_data/vanilla/sigma_1p50__Df_1p80__N_16/fracval_N16_Df1p80_kf0p60_rpg1p0_rpgstd1p50_agg9_20260731-051245-863026.dat
