{
  "commit": "500fcb0",
  "timestamp": "2026-01-11 11:15:04",
  "optimization": "Batch aggregate generation with multiprocessing",
  "cpu_cores": 16,
  "config": {
    "N": 64,
    "Df": 1.8,
    "kf": 1.0,
    "rp_g": 100.0,
    "rp_gstd": 1.3,
    "tol_ov": 1e-06,
    "n_subcl_percentage": 0.1,
    "ext_case": 0,
    "seed": 3000
  },
  "n_aggregates": 20,
  "results": {
    "sequential": {
      "n_workers": 1,
      "n_aggregates": 20,
      "successes": 20,
      "total_time": 2.041804075241089,
      "avg_time_per_aggregate": 0.10209020376205444,
      "throughput": 9.795259125260817,
      "speedup": 1.0
    },
    "parallel_2": {
      "n_workers": 2,
      "n_aggregates": 20,
      "successes": 20,
      "total_time": 2.399550199508667,
      "avg_time_per_aggregate": 0.11997750997543336,
      "throughput": 8.334895433358806,
      "speedup": 0.8509111731270176
    },
    "parallel_4": {
      "n_workers": 4,
      "n_aggregates": 20,
      "successes": 20,
      "total_time": 3.242631435394287,
      "avg_time_per_aggregate": 0.16213157176971435,
      "throughput": 6.167830170797103,
      "speedup": 0.6296750389064233
    },
    "parallel_8": {
      "n_workers": 8,
      "n_aggregates": 20,
      "successes": 20,
      "total_time": 3.3645994663238525,
      "avg_time_per_aggregate": 0.16822997331619263,
      "throughput": 5.944243943500329,
      "speedup": 0.6068490754033067
    }
  }
}