{
  "bisect_n512_30seeds": {
    "median": 0.36430307559203357,
    "mean": 0.40898572316703696,
    "min": 0.21404871391132474,
    "max": 0.8219967661425471,
    "success_rate": 1.0,
    "times": [
      0.33246667589992285,
      0.8219967661425471,
      0.35445903707295656,
      0.2903502790722996,
      0.41144703584723175,
      0.3269723008852452,
      0.2665175059810281,
      0.3107106378301978,
      0.3363690748810768,
      0.7562286301981658,
      0.6223375000990927,
      0.27785096992738545,
      0.41059314901940525,
      0.47153170011006296,
      0.6968944759573787,
      0.28593612485565245,
      0.21404871391132474,
      0.5052408690098673,
      0.3913952091243118,
      0.41591863986104727,
      0.37394368811510503,
      0.3546624630689621,
      0.4603914099279791,
      0.3467073980718851,
      0.38001801492646337,
      0.3488182339351624,
      0.33325146813876927,
      0.3359059630893171,
      0.3889353279955685,
      0.44767243205569685
    ],
    "seeds": [
      191664964,
      1662057958,
      1405681632,
      942484273,
      929893138,
      1843824993,
      184566855,
      1497586439,
      432652534,
      202244315,
      1130604998,
      2095133046,
      1580016184,
      1634535063,
      1540770720,
      1688060241,
      1102145673,
      275121931,
      1803345591,
      967196437,
      1074497556,
      796282694,
      392022360,
      1990212659,
      1678403331,
      1382689816,
      864178267,
      1766867110,
      1171300113,
      952224741
    ]
  }
}