{
  "bisect_n512_30seeds": {
    "median": 0.36786651553120464,
    "mean": 0.3681683845895653,
    "min": 0.2113407519645989,
    "max": 0.6316935298964381,
    "success_rate": 1.0,
    "times": [
      0.3719335237983614,
      0.36671465588733554,
      0.39275200106203556,
      0.24724002904258668,
      0.3232536748982966,
      0.26053251000121236,
      0.23662726394832134,
      0.28703049197793007,
      0.5406040928792208,
      0.6316935298964381,
      0.4400572490412742,
      0.29399692895822227,
      0.4812441230751574,
      0.3456846110057086,
      0.44726291205734015,
      0.2113407519645989,
      0.32760063908062875,
      0.36739559611305594,
      0.38612654502503574,
      0.39422213612124324,
      0.3903875919058919,
      0.33180608903057873,
      0.45907838898710907,
      0.37987485295161605,
      0.3870299549307674,
      0.36833743494935334,
      0.22353325108997524,
      0.32692869403399527,
      0.270246725063771,
      0.5545152889098972
    ],
    "seeds": [
      191664964,
      1662057958,
      1405681632,
      942484273,
      929893138,
      1843824993,
      184566855,
      1497586439,
      432652534,
      202244315,
      1130604998,
      2095133046,
      1580016184,
      1634535063,
      1540770720,
      1688060241,
      1102145673,
      275121931,
      1803345591,
      967196437,
      1074497556,
      796282694,
      392022360,
      1990212659,
      1678403331,
      1382689816,
      864178267,
      1766867110,
      1171300113,
      952224741
    ]
  }
}