{
  "optimization": "Step 6: JIT-compiled _rodrigues_rotation_2d (PyFracVAL-31m)",
  "baseline": {
    "N=128": 0.427,
    "N=256": 1.161,
    "N=512": 1.543
  },
  "results": {
    "N=128": {
      "n": 10,
      "avg": 0.6573849733453244,
      "median": 0.5344545140396804,
      "speedup_vs_step2": 0.6495432924593134,
      "times": [
        1.8823245810344815,
        0.5331574981100857,
        0.22223489917814732,
        0.45714213186874986,
        0.7349079600535333,
        0.5344545140396804,
        0.20190711715258658,
        0.548189545981586,
        0.42411157698370516,
        1.0354199090506881
      ]
    },
    "N=256": {
      "n": 10,
      "avg": 0.6942933288635686,
      "median": 0.6147409880068153,
      "speedup_vs_step2": 1.67220388232787,
      "times": [
        0.6796594539191574,
        0.4464539149776101,
        0.4537758748047054,
        0.8786768920253962,
        0.535708952927962,
        1.3969651230145246,
        0.43449994013644755,
        0.6147409880068153,
        1.191318484954536,
        0.3111336638685316
      ]
    },
    "N=512": {
      "n": 10,
      "avg": 1.8458001462975517,
      "median": 1.7357224789448082,
      "speedup_vs_step2": 0.8359518245217763,
      "times": [
        0.8109461071435362,
        3.028634309070185,
        1.4184538070112467,
        3.167327109957114,
        3.3067818058189005,
        1.0064690229482949,
        1.7357224789448082,
        2.0493039649445564,
        1.070897595025599,
        0.8634652621112764
      ]
    }
  }
}