{
  "commit": "b8009c3",
  "timestamp": "2026-01-10 12:09:52",
  "results": {
    "N=128, Optimal": {
      "success_rate": 1.0,
      "avg_runtime": 0.5006151994069418,
      "std_runtime": 0.08588111044641583,
      "min_runtime": 0.4389986991882324,
      "max_runtime": 0.6220650672912598,
      "all_runtimes": [
        0.6220650672912598,
        0.4389986991882324,
        0.440781831741333
      ]
    },
    "N=256, Optimal": {
      "success_rate": 1.0,
      "avg_runtime": 0.6720641454060873,
      "std_runtime": 0.012489558335532254,
      "min_runtime": 0.6582047939300537,
      "max_runtime": 0.6884765625,
      "all_runtimes": [
        0.6884765625,
        0.669511079788208,
        0.6582047939300537
      ]
    },
    "N=512, Optimal": {
      "success_rate": 1.0,
      "avg_runtime": 2.0145713488260903,
      "std_runtime": 0.01885924152560957,
      "min_runtime": 1.9993696212768555,
      "max_runtime": 2.0411508083343506,
      "all_runtimes": [
        2.0031936168670654,
        2.0411508083343506,
        1.9993696212768555
      ]
    }
  }
}