{
  "metadata": {
    "timestamp": "2026-01-10 11:24:07",
    "optimizations": [
      "Early termination + bounding sphere pre-checks",
      "Vectorized PCA candidate selection",
      "TRACE logging overhead removal"
    ],
    "commit": "3064cb3",
    "baseline_commit": "be672c1"
  },
  "results": [
    {
      "name": "Optimal (N=128)",
      "config": {
        "N": 128,
        "Df": 1.8,
        "kf": 1.0,
        "rp_gstd": 1.3
      },
      "success_rate": 1.0,
      "avg_runtime": 0.25535030364990235,
      "std_runtime": 0.07513023756702407,
      "all_runtimes": [
        0.40547776222229004,
        0.21602654457092285,
        0.21494317054748535,
        0.22386527061462402,
        0.21643877029418945
      ]
    },
    {
      "name": "Optimal (N=256)",
      "config": {
        "N": 256,
        "Df": 1.9,
        "kf": 1.2,
        "rp_gstd": 1.3
      },
      "success_rate": 1.0,
      "avg_runtime": 0.6909421920776367,
      "std_runtime": 0.0059773748358471004,
      "all_runtimes": [
        0.6881837844848633,
        0.685272216796875,
        0.6895542144775391,
        0.7025129795074463,
        0.68918776512146
      ]
    },
    {
      "name": "Low Df (N=128)",
      "config": {
        "N": 128,
        "Df": 1.5,
        "kf": 1.5,
        "rp_gstd": 1.3
      },
      "success_rate": 1.0,
      "avg_runtime": 0.31061038970947263,
      "std_runtime": 0.00995825326868713,
      "all_runtimes": [
        0.3053574562072754,
        0.3068966865539551,
        0.3042867183685303,
        0.3060579299926758,
        0.33045315742492676
      ]
    },
    {
      "name": "High Df (N=128)",
      "config": {
        "N": 128,
        "Df": 2.2,
        "kf": 0.8,
        "rp_gstd": 1.3
      },
      "success_rate": 1.0,
      "avg_runtime": 0.49473280906677247,
      "std_runtime": 0.010884298286807538,
      "all_runtimes": [
        0.4958813190460205,
        0.49764037132263184,
        0.5126149654388428,
        0.4804356098175049,
        0.4870917797088623
      ]
    }
  ]
}