{
  "optimization": "Fix PARALLEL_OVERLAP_THRESHOLD: always use fast early-exit path (PyFracVAL-xwx)",
  "baseline": {
    "N=128": 0.427,
    "N=256": 1.161,
    "N=512": 1.543
  },
  "results": {
    "N=128": {
      "n": 10,
      "avg": 0.2448814441682771,
      "median": 0.2648311860393733,
      "speedup_vs_step2": 1.7437009220942647,
      "times": [
        0.1761637048330158,
        0.2803493801038712,
        0.1452849991619587,
        0.2464043297804892,
        0.3399346999358386,
        0.30003415793180466,
        0.14304252713918686,
        0.2648311860393733,
        0.2513061638455838,
        0.30146329291164875
      ]
    },
    "N=256": {
      "n": 10,
      "avg": 0.35265359210316094,
      "median": 0.3062129090540111,
      "speedup_vs_step2": 3.2921825439973835,
      "times": [
        0.3182315721642226,
        0.2858620018232614,
        0.24657191312871873,
        0.41594964684918523,
        0.29950433503836393,
        0.6567238860297948,
        0.23221273603849113,
        0.3062129090540111,
        0.5448773070238531,
        0.2203896138817072
      ]
    },
    "N=512": {
      "n": 10,
      "avg": 0.7196056245127693,
      "median": 0.6155794861260802,
      "speedup_vs_step2": 2.1442300441227578,
      "times": [
        0.407448701094836,
        0.866950724972412,
        0.6155794861260802,
        1.3370722860563546,
        0.9355474368203431,
        0.5079917048569769,
        0.4666586930397898,
        0.9381720360834152,
        0.5901081070769578,
        0.5305270690005273
      ]
    }
  }
}