{
  "n512_parallel": {
    "median": 0.29337906755972654,
    "mean": 0.3000407138140872,
    "times": [
      0.47325429785996675,
      0.23992581409402192,
      0.20780147681944072,
      0.27608673903159797,
      0.35797331505455077,
      0.3525008528959006,
      0.2332377431448549,
      0.3106713960878551,
      0.2364857359789312,
      0.3124697671737522
    ],
    "success": 10
  },
  "n512_sequential": {
    "median": 0.374801927478984,
    "mean": 0.3817299695452675,
    "times": [
      0.24851135909557343,
      0.33908321405760944,
      0.3301822410430759,
      0.44499308709055185,
      0.49754803418181837,
      0.43334456207230687,
      0.31726867612451315,
      0.46155872801318765,
      0.33428915287368,
      0.41052064090035856
    ],
    "success": 10
  },
  "n1024_parallel": {
    "median": 0.926182126509957,
    "mean": 1.0236041583120823,
    "times": [
      0.5645077282097191,
      1.3272797919344157,
      0.6162102271337062,
      0.8584045129828155,
      1.6825396369677037,
      1.3765634598676115,
      1.2161060229409486,
      0.9707965299021453,
      0.7420659500639886,
      0.8815677231177688
    ],
    "success": 10
  },
  "n1024_sequential": {
    "median": 1.200427197967656,
    "mean": 1.3259615235961975,
    "times": [
      0.8230162670370191,
      1.7430606661364436,
      0.9985924111679196,
      1.1242034379392862,
      1.9406114569865167,
      1.7412453128490597,
      1.4919130089692771,
      1.17775446199812,
      0.9961182789411396,
      1.223099933937192
    ],
    "success": 10
  }
}