{
  "results": {
    "N=128": {
      "avg": 0.5081188526625434,
      "times": [
        0.5148573718033731,
        0.7306222750339657,
        0.27887691115029156
      ]
    },
    "N=256": {
      "avg": 0.6378638253857692,
      "times": [
        0.7350177280604839,
        0.5543630609754473,
        0.6242106871213764
      ]
    },
    "N=512": {
      "avg": 2.1339768356798836,
      "times": [
        0.9640065990388393,
        3.8359061419032514,
        1.6020177660975605
      ]
    }
  },
  "baseline": {
    "N=128": 0.427,
    "N=256": 1.161,
    "N=512": 1.543
  }
}