{
  "commit": "be672c1",
  "timestamp": "2026-01-10 12:11:21",
  "results": {
    "N=128, Optimal": {
      "success_rate": 1.0,
      "avg_runtime": 1.4515111446380615,
      "std_runtime": 0.5575000171779652,
      "min_runtime": 0.9829356670379639,
      "max_runtime": 2.2349228858947754,
      "all_runtimes": [
        2.2349228858947754,
        1.1366748809814453,
        0.9829356670379639
      ]
    },
    "N=256, Optimal": {
      "success_rate": 1.0,
      "avg_runtime": 1.59734050432841,
      "std_runtime": 0.02162128574183523,
      "min_runtime": 1.5699200630187988,
      "max_runtime": 1.6227686405181885,
      "all_runtimes": [
        1.5699200630187988,
        1.6227686405181885,
        1.5993328094482422
      ]
    },
    "N=512, Optimal": {
      "success_rate": 1.0,
      "avg_runtime": 4.405452410380046,
      "std_runtime": 0.11562340845048492,
      "min_runtime": 4.247461557388306,
      "max_runtime": 4.520948886871338,
      "all_runtimes": [
        4.247461557388306,
        4.520948886871338,
        4.447946786880493
      ]
    }
  }
}