{
  "commit": "721ebf5",
  "timestamp": "2026-01-10 12:09:28",
  "results": {
    "N=128, Optimal": {
      "success_rate": 1.0,
      "avg_runtime": 0.4971075852711995,
      "std_runtime": 0.056894523444614875,
      "min_runtime": 0.45253610610961914,
      "max_runtime": 0.5774064064025879,
      "all_runtimes": [
        0.5774064064025879,
        0.4613802433013916,
        0.45253610610961914
      ]
    },
    "N=256, Optimal": {
      "success_rate": 1.0,
      "avg_runtime": 0.6945774555206299,
      "std_runtime": 0.012789349179387097,
      "min_runtime": 0.6815416812896729,
      "max_runtime": 0.7119536399841309,
      "all_runtimes": [
        0.7119536399841309,
        0.6902370452880859,
        0.6815416812896729
      ]
    },
    "N=512, Optimal": {
      "success_rate": 1.0,
      "avg_runtime": 2.0186165968577066,
      "std_runtime": 0.011209963863681487,
      "min_runtime": 2.0076282024383545,
      "max_runtime": 2.0340070724487305,
      "all_runtimes": [
        2.0340070724487305,
        2.0076282024383545,
        2.014214515686035
      ]
    }
  }
}