{
  "N128": {
    "times": [
      0.08664452005177736,
      0.10792100802063942,
      0.09830223210155964,
      0.08146744617260993,
      0.08550728694535792,
      0.10792758804745972,
      0.09664530795998871,
      0.06815372314304113,
      0.12300722696818411,
      0.14742169296368957
    ],
    "median": 0.09747377003077418,
    "mean": 0.10029980323743075
  },
  "N256": {
    "times": [
      0.19374394905753434,
      0.19790642498992383,
      0.1257968069985509,
      0.14062995393760502,
      0.16126393503509462,
      0.19001624314114451,
      0.21935016103088856,
      0.1616607189644128,
      0.2060539899393916,
      0.164610001957044
    ],
    "median": 0.17731312254909426,
    "mean": 0.17610321850515903
  },
  "N512": {
    "times": [
      0.264671758050099,
      0.3944154770579189,
      0.35705221397802234,
      0.460414128145203,
      0.3836300119291991,
      0.49472260591574013,
      0.3138106318656355,
      0.506590360077098,
      0.4175607350189239,
      0.5266991159878671
    ],
    "median": 0.4059881060384214,
    "mean": 0.4119567038025707
  }
}